
intro.elf:     file format elf32-avr

Sections:
Idx Name          Size      VMA       LMA       File off  Algn
  0 .text         0000257c  00000000  00000000  00000094  2**1
                  CONTENTS, ALLOC, LOAD, READONLY, CODE
  1 .data         00000020  00800060  0000257c  00002610  2**0
                  CONTENTS, ALLOC, LOAD, DATA
  2 .bss          00000007  00800080  00800080  00002630  2**0
                  ALLOC
  3 .stab         0000222c  00000000  00000000  00002630  2**2
                  CONTENTS, READONLY, DEBUGGING
  4 .stabstr      000019f0  00000000  00000000  0000485c  2**0
                  CONTENTS, READONLY, DEBUGGING
  5 .debug_aranges 00000140  00000000  00000000  0000624c  2**0
                  CONTENTS, READONLY, DEBUGGING
  6 .debug_pubnames 00000170  00000000  00000000  0000638c  2**0
                  CONTENTS, READONLY, DEBUGGING
  7 .debug_info   00001c49  00000000  00000000  000064fc  2**0
                  CONTENTS, READONLY, DEBUGGING
  8 .debug_abbrev 00000eeb  00000000  00000000  00008145  2**0
                  CONTENTS, READONLY, DEBUGGING
  9 .debug_line   00000dad  00000000  00000000  00009030  2**0
                  CONTENTS, READONLY, DEBUGGING
 10 .debug_frame  00000160  00000000  00000000  00009de0  2**2
                  CONTENTS, READONLY, DEBUGGING
 11 .debug_str    0000028d  00000000  00000000  00009f40  2**0
                  CONTENTS, READONLY, DEBUGGING
 12 .debug_loc    000007ce  00000000  00000000  0000a1cd  2**0
                  CONTENTS, READONLY, DEBUGGING
 13 .debug_ranges 00000050  00000000  00000000  0000a99b  2**0
                  CONTENTS, READONLY, DEBUGGING

Disassembly of section .text:

00000000 <__vectors>:
       0:	0c 94 2a 00 	jmp	0x54	; 0x54 <__ctors_end>
       4:	0c 94 fe 0a 	jmp	0x15fc	; 0x15fc <__vector_1>
       8:	0c 94 31 0b 	jmp	0x1662	; 0x1662 <__vector_2>
       c:	0c 94 64 0b 	jmp	0x16c8	; 0x16c8 <__vector_3>
      10:	0c 94 47 00 	jmp	0x8e	; 0x8e <__bad_interrupt>
      14:	0c 94 47 00 	jmp	0x8e	; 0x8e <__bad_interrupt>
      18:	0c 94 47 00 	jmp	0x8e	; 0x8e <__bad_interrupt>
      1c:	0c 94 47 00 	jmp	0x8e	; 0x8e <__bad_interrupt>
      20:	0c 94 47 00 	jmp	0x8e	; 0x8e <__bad_interrupt>
      24:	0c 94 47 00 	jmp	0x8e	; 0x8e <__bad_interrupt>
      28:	0c 94 47 00 	jmp	0x8e	; 0x8e <__bad_interrupt>
      2c:	0c 94 47 00 	jmp	0x8e	; 0x8e <__bad_interrupt>
      30:	0c 94 47 00 	jmp	0x8e	; 0x8e <__bad_interrupt>
      34:	0c 94 47 00 	jmp	0x8e	; 0x8e <__bad_interrupt>
      38:	0c 94 47 00 	jmp	0x8e	; 0x8e <__bad_interrupt>
      3c:	0c 94 47 00 	jmp	0x8e	; 0x8e <__bad_interrupt>
      40:	0c 94 47 00 	jmp	0x8e	; 0x8e <__bad_interrupt>
      44:	0c 94 47 00 	jmp	0x8e	; 0x8e <__bad_interrupt>
      48:	0c 94 47 00 	jmp	0x8e	; 0x8e <__bad_interrupt>
      4c:	0c 94 47 00 	jmp	0x8e	; 0x8e <__bad_interrupt>
      50:	0c 94 47 00 	jmp	0x8e	; 0x8e <__bad_interrupt>

00000054 <__ctors_end>:
      54:	11 24       	eor	r1, r1
      56:	1f be       	out	0x3f, r1	; 63
      58:	cf e5       	ldi	r28, 0x5F	; 95
      5a:	d8 e0       	ldi	r29, 0x08	; 8
      5c:	de bf       	out	0x3e, r29	; 62
      5e:	cd bf       	out	0x3d, r28	; 61

00000060 <__do_copy_data>:
      60:	10 e0       	ldi	r17, 0x00	; 0
      62:	a0 e6       	ldi	r26, 0x60	; 96
      64:	b0 e0       	ldi	r27, 0x00	; 0
      66:	ec e7       	ldi	r30, 0x7C	; 124
      68:	f5 e2       	ldi	r31, 0x25	; 37
      6a:	02 c0       	rjmp	.+4      	; 0x70 <.do_copy_data_start>

0000006c <.do_copy_data_loop>:
      6c:	05 90       	lpm	r0, Z+
      6e:	0d 92       	st	X+, r0

00000070 <.do_copy_data_start>:
      70:	a0 38       	cpi	r26, 0x80	; 128
      72:	b1 07       	cpc	r27, r17
      74:	d9 f7       	brne	.-10     	; 0x6c <.do_copy_data_loop>

00000076 <__do_clear_bss>:
      76:	10 e0       	ldi	r17, 0x00	; 0
      78:	a0 e8       	ldi	r26, 0x80	; 128
      7a:	b0 e0       	ldi	r27, 0x00	; 0
      7c:	01 c0       	rjmp	.+2      	; 0x80 <.do_clear_bss_start>

0000007e <.do_clear_bss_loop>:
      7e:	1d 92       	st	X+, r1

00000080 <.do_clear_bss_start>:
      80:	a7 38       	cpi	r26, 0x87	; 135
      82:	b1 07       	cpc	r27, r17
      84:	e1 f7       	brne	.-8      	; 0x7e <.do_clear_bss_loop>
      86:	0e 94 38 12 	call	0x2470	; 0x2470 <main>
      8a:	0c 94 bc 12 	jmp	0x2578	; 0x2578 <_exit>

0000008e <__bad_interrupt>:
      8e:	0c 94 00 00 	jmp	0	; 0x0 <__vectors>

00000092 <__fixunssfsi>:
      92:	ef 92       	push	r14
      94:	ff 92       	push	r15
      96:	0f 93       	push	r16
      98:	1f 93       	push	r17
      9a:	7b 01       	movw	r14, r22
      9c:	8c 01       	movw	r16, r24
      9e:	20 e0       	ldi	r18, 0x00	; 0
      a0:	30 e0       	ldi	r19, 0x00	; 0
      a2:	40 e0       	ldi	r20, 0x00	; 0
      a4:	5f e4       	ldi	r21, 0x4F	; 79
      a6:	0e 94 49 03 	call	0x692	; 0x692 <__gesf2>
      aa:	88 23       	and	r24, r24
      ac:	8c f0       	brlt	.+34     	; 0xd0 <__fixunssfsi+0x3e>
      ae:	c8 01       	movw	r24, r16
      b0:	b7 01       	movw	r22, r14
      b2:	20 e0       	ldi	r18, 0x00	; 0
      b4:	30 e0       	ldi	r19, 0x00	; 0
      b6:	40 e0       	ldi	r20, 0x00	; 0
      b8:	5f e4       	ldi	r21, 0x4F	; 79
      ba:	0e 94 c1 01 	call	0x382	; 0x382 <__subsf3>
      be:	0e 94 a9 03 	call	0x752	; 0x752 <__fixsfsi>
      c2:	9b 01       	movw	r18, r22
      c4:	ac 01       	movw	r20, r24
      c6:	20 50       	subi	r18, 0x00	; 0
      c8:	30 40       	sbci	r19, 0x00	; 0
      ca:	40 40       	sbci	r20, 0x00	; 0
      cc:	50 48       	sbci	r21, 0x80	; 128
      ce:	06 c0       	rjmp	.+12     	; 0xdc <__fixunssfsi+0x4a>
      d0:	c8 01       	movw	r24, r16
      d2:	b7 01       	movw	r22, r14
      d4:	0e 94 a9 03 	call	0x752	; 0x752 <__fixsfsi>
      d8:	9b 01       	movw	r18, r22
      da:	ac 01       	movw	r20, r24
      dc:	b9 01       	movw	r22, r18
      de:	ca 01       	movw	r24, r20
      e0:	1f 91       	pop	r17
      e2:	0f 91       	pop	r16
      e4:	ff 90       	pop	r15
      e6:	ef 90       	pop	r14
      e8:	08 95       	ret

000000ea <_fpadd_parts>:
      ea:	a0 e0       	ldi	r26, 0x00	; 0
      ec:	b0 e0       	ldi	r27, 0x00	; 0
      ee:	eb e7       	ldi	r30, 0x7B	; 123
      f0:	f0 e0       	ldi	r31, 0x00	; 0
      f2:	0c 94 85 12 	jmp	0x250a	; 0x250a <__prologue_saves__>
      f6:	dc 01       	movw	r26, r24
      f8:	2b 01       	movw	r4, r22
      fa:	fa 01       	movw	r30, r20
      fc:	9c 91       	ld	r25, X
      fe:	92 30       	cpi	r25, 0x02	; 2
     100:	08 f4       	brcc	.+2      	; 0x104 <_fpadd_parts+0x1a>
     102:	39 c1       	rjmp	.+626    	; 0x376 <_fpadd_parts+0x28c>
     104:	eb 01       	movw	r28, r22
     106:	88 81       	ld	r24, Y
     108:	82 30       	cpi	r24, 0x02	; 2
     10a:	08 f4       	brcc	.+2      	; 0x10e <_fpadd_parts+0x24>
     10c:	33 c1       	rjmp	.+614    	; 0x374 <_fpadd_parts+0x28a>
     10e:	94 30       	cpi	r25, 0x04	; 4
     110:	69 f4       	brne	.+26     	; 0x12c <_fpadd_parts+0x42>
     112:	84 30       	cpi	r24, 0x04	; 4
     114:	09 f0       	breq	.+2      	; 0x118 <_fpadd_parts+0x2e>
     116:	2f c1       	rjmp	.+606    	; 0x376 <_fpadd_parts+0x28c>
     118:	11 96       	adiw	r26, 0x01	; 1
     11a:	9c 91       	ld	r25, X
     11c:	11 97       	sbiw	r26, 0x01	; 1
     11e:	89 81       	ldd	r24, Y+1	; 0x01
     120:	98 17       	cp	r25, r24
     122:	09 f4       	brne	.+2      	; 0x126 <_fpadd_parts+0x3c>
     124:	28 c1       	rjmp	.+592    	; 0x376 <_fpadd_parts+0x28c>
     126:	a0 e6       	ldi	r26, 0x60	; 96
     128:	b0 e0       	ldi	r27, 0x00	; 0
     12a:	25 c1       	rjmp	.+586    	; 0x376 <_fpadd_parts+0x28c>
     12c:	84 30       	cpi	r24, 0x04	; 4
     12e:	09 f4       	brne	.+2      	; 0x132 <_fpadd_parts+0x48>
     130:	21 c1       	rjmp	.+578    	; 0x374 <_fpadd_parts+0x28a>
     132:	82 30       	cpi	r24, 0x02	; 2
     134:	a9 f4       	brne	.+42     	; 0x160 <_fpadd_parts+0x76>
     136:	92 30       	cpi	r25, 0x02	; 2
     138:	09 f0       	breq	.+2      	; 0x13c <_fpadd_parts+0x52>
     13a:	1d c1       	rjmp	.+570    	; 0x376 <_fpadd_parts+0x28c>
     13c:	9a 01       	movw	r18, r20
     13e:	ad 01       	movw	r20, r26
     140:	88 e0       	ldi	r24, 0x08	; 8
     142:	ea 01       	movw	r28, r20
     144:	09 90       	ld	r0, Y+
     146:	ae 01       	movw	r20, r28
     148:	e9 01       	movw	r28, r18
     14a:	09 92       	st	Y+, r0
     14c:	9e 01       	movw	r18, r28
     14e:	81 50       	subi	r24, 0x01	; 1
     150:	c1 f7       	brne	.-16     	; 0x142 <_fpadd_parts+0x58>
     152:	e2 01       	movw	r28, r4
     154:	89 81       	ldd	r24, Y+1	; 0x01
     156:	11 96       	adiw	r26, 0x01	; 1
     158:	9c 91       	ld	r25, X
     15a:	89 23       	and	r24, r25
     15c:	81 83       	std	Z+1, r24	; 0x01
     15e:	08 c1       	rjmp	.+528    	; 0x370 <_fpadd_parts+0x286>
     160:	92 30       	cpi	r25, 0x02	; 2
     162:	09 f4       	brne	.+2      	; 0x166 <_fpadd_parts+0x7c>
     164:	07 c1       	rjmp	.+526    	; 0x374 <_fpadd_parts+0x28a>
     166:	12 96       	adiw	r26, 0x02	; 2
     168:	2d 90       	ld	r2, X+
     16a:	3c 90       	ld	r3, X
     16c:	13 97       	sbiw	r26, 0x03	; 3
     16e:	eb 01       	movw	r28, r22
     170:	8a 81       	ldd	r24, Y+2	; 0x02
     172:	9b 81       	ldd	r25, Y+3	; 0x03
     174:	14 96       	adiw	r26, 0x04	; 4
     176:	ad 90       	ld	r10, X+
     178:	bd 90       	ld	r11, X+
     17a:	cd 90       	ld	r12, X+
     17c:	dc 90       	ld	r13, X
     17e:	17 97       	sbiw	r26, 0x07	; 7
     180:	ec 80       	ldd	r14, Y+4	; 0x04
     182:	fd 80       	ldd	r15, Y+5	; 0x05
     184:	0e 81       	ldd	r16, Y+6	; 0x06
     186:	1f 81       	ldd	r17, Y+7	; 0x07
     188:	91 01       	movw	r18, r2
     18a:	28 1b       	sub	r18, r24
     18c:	39 0b       	sbc	r19, r25
     18e:	b9 01       	movw	r22, r18
     190:	37 ff       	sbrs	r19, 7
     192:	04 c0       	rjmp	.+8      	; 0x19c <_fpadd_parts+0xb2>
     194:	66 27       	eor	r22, r22
     196:	77 27       	eor	r23, r23
     198:	62 1b       	sub	r22, r18
     19a:	73 0b       	sbc	r23, r19
     19c:	60 32       	cpi	r22, 0x20	; 32
     19e:	71 05       	cpc	r23, r1
     1a0:	0c f0       	brlt	.+2      	; 0x1a4 <_fpadd_parts+0xba>
     1a2:	61 c0       	rjmp	.+194    	; 0x266 <_fpadd_parts+0x17c>
     1a4:	12 16       	cp	r1, r18
     1a6:	13 06       	cpc	r1, r19
     1a8:	6c f5       	brge	.+90     	; 0x204 <_fpadd_parts+0x11a>
     1aa:	37 01       	movw	r6, r14
     1ac:	48 01       	movw	r8, r16
     1ae:	06 2e       	mov	r0, r22
     1b0:	04 c0       	rjmp	.+8      	; 0x1ba <_fpadd_parts+0xd0>
     1b2:	96 94       	lsr	r9
     1b4:	87 94       	ror	r8
     1b6:	77 94       	ror	r7
     1b8:	67 94       	ror	r6
     1ba:	0a 94       	dec	r0
     1bc:	d2 f7       	brpl	.-12     	; 0x1b2 <_fpadd_parts+0xc8>
     1be:	21 e0       	ldi	r18, 0x01	; 1
     1c0:	30 e0       	ldi	r19, 0x00	; 0
     1c2:	40 e0       	ldi	r20, 0x00	; 0
     1c4:	50 e0       	ldi	r21, 0x00	; 0
     1c6:	04 c0       	rjmp	.+8      	; 0x1d0 <_fpadd_parts+0xe6>
     1c8:	22 0f       	add	r18, r18
     1ca:	33 1f       	adc	r19, r19
     1cc:	44 1f       	adc	r20, r20
     1ce:	55 1f       	adc	r21, r21
     1d0:	6a 95       	dec	r22
     1d2:	d2 f7       	brpl	.-12     	; 0x1c8 <_fpadd_parts+0xde>
     1d4:	21 50       	subi	r18, 0x01	; 1
     1d6:	30 40       	sbci	r19, 0x00	; 0
     1d8:	40 40       	sbci	r20, 0x00	; 0
     1da:	50 40       	sbci	r21, 0x00	; 0
     1dc:	2e 21       	and	r18, r14
     1de:	3f 21       	and	r19, r15
     1e0:	40 23       	and	r20, r16
     1e2:	51 23       	and	r21, r17
     1e4:	21 15       	cp	r18, r1
     1e6:	31 05       	cpc	r19, r1
     1e8:	41 05       	cpc	r20, r1
     1ea:	51 05       	cpc	r21, r1
     1ec:	21 f0       	breq	.+8      	; 0x1f6 <_fpadd_parts+0x10c>
     1ee:	21 e0       	ldi	r18, 0x01	; 1
     1f0:	30 e0       	ldi	r19, 0x00	; 0
     1f2:	40 e0       	ldi	r20, 0x00	; 0
     1f4:	50 e0       	ldi	r21, 0x00	; 0
     1f6:	79 01       	movw	r14, r18
     1f8:	8a 01       	movw	r16, r20
     1fa:	e6 28       	or	r14, r6
     1fc:	f7 28       	or	r15, r7
     1fe:	08 29       	or	r16, r8
     200:	19 29       	or	r17, r9
     202:	3c c0       	rjmp	.+120    	; 0x27c <_fpadd_parts+0x192>
     204:	23 2b       	or	r18, r19
     206:	d1 f1       	breq	.+116    	; 0x27c <_fpadd_parts+0x192>
     208:	26 0e       	add	r2, r22
     20a:	37 1e       	adc	r3, r23
     20c:	35 01       	movw	r6, r10
     20e:	46 01       	movw	r8, r12
     210:	06 2e       	mov	r0, r22
     212:	04 c0       	rjmp	.+8      	; 0x21c <_fpadd_parts+0x132>
     214:	96 94       	lsr	r9
     216:	87 94       	ror	r8
     218:	77 94       	ror	r7
     21a:	67 94       	ror	r6
     21c:	0a 94       	dec	r0
     21e:	d2 f7       	brpl	.-12     	; 0x214 <_fpadd_parts+0x12a>
     220:	21 e0       	ldi	r18, 0x01	; 1
     222:	30 e0       	ldi	r19, 0x00	; 0
     224:	40 e0       	ldi	r20, 0x00	; 0
     226:	50 e0       	ldi	r21, 0x00	; 0
     228:	04 c0       	rjmp	.+8      	; 0x232 <_fpadd_parts+0x148>
     22a:	22 0f       	add	r18, r18
     22c:	33 1f       	adc	r19, r19
     22e:	44 1f       	adc	r20, r20
     230:	55 1f       	adc	r21, r21
     232:	6a 95       	dec	r22
     234:	d2 f7       	brpl	.-12     	; 0x22a <_fpadd_parts+0x140>
     236:	21 50       	subi	r18, 0x01	; 1
     238:	30 40       	sbci	r19, 0x00	; 0
     23a:	40 40       	sbci	r20, 0x00	; 0
     23c:	50 40       	sbci	r21, 0x00	; 0
     23e:	2a 21       	and	r18, r10
     240:	3b 21       	and	r19, r11
     242:	4c 21       	and	r20, r12
     244:	5d 21       	and	r21, r13
     246:	21 15       	cp	r18, r1
     248:	31 05       	cpc	r19, r1
     24a:	41 05       	cpc	r20, r1
     24c:	51 05       	cpc	r21, r1
     24e:	21 f0       	breq	.+8      	; 0x258 <_fpadd_parts+0x16e>
     250:	21 e0       	ldi	r18, 0x01	; 1
     252:	30 e0       	ldi	r19, 0x00	; 0
     254:	40 e0       	ldi	r20, 0x00	; 0
     256:	50 e0       	ldi	r21, 0x00	; 0
     258:	59 01       	movw	r10, r18
     25a:	6a 01       	movw	r12, r20
     25c:	a6 28       	or	r10, r6
     25e:	b7 28       	or	r11, r7
     260:	c8 28       	or	r12, r8
     262:	d9 28       	or	r13, r9
     264:	0b c0       	rjmp	.+22     	; 0x27c <_fpadd_parts+0x192>
     266:	82 15       	cp	r24, r2
     268:	93 05       	cpc	r25, r3
     26a:	2c f0       	brlt	.+10     	; 0x276 <_fpadd_parts+0x18c>
     26c:	1c 01       	movw	r2, r24
     26e:	aa 24       	eor	r10, r10
     270:	bb 24       	eor	r11, r11
     272:	65 01       	movw	r12, r10
     274:	03 c0       	rjmp	.+6      	; 0x27c <_fpadd_parts+0x192>
     276:	ee 24       	eor	r14, r14
     278:	ff 24       	eor	r15, r15
     27a:	87 01       	movw	r16, r14
     27c:	11 96       	adiw	r26, 0x01	; 1
     27e:	9c 91       	ld	r25, X
     280:	d2 01       	movw	r26, r4
     282:	11 96       	adiw	r26, 0x01	; 1
     284:	8c 91       	ld	r24, X
     286:	98 17       	cp	r25, r24
     288:	09 f4       	brne	.+2      	; 0x28c <_fpadd_parts+0x1a2>
     28a:	45 c0       	rjmp	.+138    	; 0x316 <_fpadd_parts+0x22c>
     28c:	99 23       	and	r25, r25
     28e:	39 f0       	breq	.+14     	; 0x29e <_fpadd_parts+0x1b4>
     290:	a8 01       	movw	r20, r16
     292:	97 01       	movw	r18, r14
     294:	2a 19       	sub	r18, r10
     296:	3b 09       	sbc	r19, r11
     298:	4c 09       	sbc	r20, r12
     29a:	5d 09       	sbc	r21, r13
     29c:	06 c0       	rjmp	.+12     	; 0x2aa <_fpadd_parts+0x1c0>
     29e:	a6 01       	movw	r20, r12
     2a0:	95 01       	movw	r18, r10
     2a2:	2e 19       	sub	r18, r14
     2a4:	3f 09       	sbc	r19, r15
     2a6:	40 0b       	sbc	r20, r16
     2a8:	51 0b       	sbc	r21, r17
     2aa:	57 fd       	sbrc	r21, 7
     2ac:	08 c0       	rjmp	.+16     	; 0x2be <_fpadd_parts+0x1d4>
     2ae:	11 82       	std	Z+1, r1	; 0x01
     2b0:	33 82       	std	Z+3, r3	; 0x03
     2b2:	22 82       	std	Z+2, r2	; 0x02
     2b4:	24 83       	std	Z+4, r18	; 0x04
     2b6:	35 83       	std	Z+5, r19	; 0x05
     2b8:	46 83       	std	Z+6, r20	; 0x06
     2ba:	57 83       	std	Z+7, r21	; 0x07
     2bc:	1d c0       	rjmp	.+58     	; 0x2f8 <_fpadd_parts+0x20e>
     2be:	81 e0       	ldi	r24, 0x01	; 1
     2c0:	81 83       	std	Z+1, r24	; 0x01
     2c2:	33 82       	std	Z+3, r3	; 0x03
     2c4:	22 82       	std	Z+2, r2	; 0x02
     2c6:	88 27       	eor	r24, r24
     2c8:	99 27       	eor	r25, r25
     2ca:	dc 01       	movw	r26, r24
     2cc:	82 1b       	sub	r24, r18
     2ce:	93 0b       	sbc	r25, r19
     2d0:	a4 0b       	sbc	r26, r20
     2d2:	b5 0b       	sbc	r27, r21
     2d4:	84 83       	std	Z+4, r24	; 0x04
     2d6:	95 83       	std	Z+5, r25	; 0x05
     2d8:	a6 83       	std	Z+6, r26	; 0x06
     2da:	b7 83       	std	Z+7, r27	; 0x07
     2dc:	0d c0       	rjmp	.+26     	; 0x2f8 <_fpadd_parts+0x20e>
     2de:	22 0f       	add	r18, r18
     2e0:	33 1f       	adc	r19, r19
     2e2:	44 1f       	adc	r20, r20
     2e4:	55 1f       	adc	r21, r21
     2e6:	24 83       	std	Z+4, r18	; 0x04
     2e8:	35 83       	std	Z+5, r19	; 0x05
     2ea:	46 83       	std	Z+6, r20	; 0x06
     2ec:	57 83       	std	Z+7, r21	; 0x07
     2ee:	82 81       	ldd	r24, Z+2	; 0x02
     2f0:	93 81       	ldd	r25, Z+3	; 0x03
     2f2:	01 97       	sbiw	r24, 0x01	; 1
     2f4:	93 83       	std	Z+3, r25	; 0x03
     2f6:	82 83       	std	Z+2, r24	; 0x02
     2f8:	24 81       	ldd	r18, Z+4	; 0x04
     2fa:	35 81       	ldd	r19, Z+5	; 0x05
     2fc:	46 81       	ldd	r20, Z+6	; 0x06
     2fe:	57 81       	ldd	r21, Z+7	; 0x07
     300:	da 01       	movw	r26, r20
     302:	c9 01       	movw	r24, r18
     304:	01 97       	sbiw	r24, 0x01	; 1
     306:	a1 09       	sbc	r26, r1
     308:	b1 09       	sbc	r27, r1
     30a:	8f 5f       	subi	r24, 0xFF	; 255
     30c:	9f 4f       	sbci	r25, 0xFF	; 255
     30e:	af 4f       	sbci	r26, 0xFF	; 255
     310:	bf 43       	sbci	r27, 0x3F	; 63
     312:	28 f3       	brcs	.-54     	; 0x2de <_fpadd_parts+0x1f4>
     314:	0b c0       	rjmp	.+22     	; 0x32c <_fpadd_parts+0x242>
     316:	91 83       	std	Z+1, r25	; 0x01
     318:	33 82       	std	Z+3, r3	; 0x03
     31a:	22 82       	std	Z+2, r2	; 0x02
     31c:	ea 0c       	add	r14, r10
     31e:	fb 1c       	adc	r15, r11
     320:	0c 1d       	adc	r16, r12
     322:	1d 1d       	adc	r17, r13
     324:	e4 82       	std	Z+4, r14	; 0x04
     326:	f5 82       	std	Z+5, r15	; 0x05
     328:	06 83       	std	Z+6, r16	; 0x06
     32a:	17 83       	std	Z+7, r17	; 0x07
     32c:	83 e0       	ldi	r24, 0x03	; 3
     32e:	80 83       	st	Z, r24
     330:	24 81       	ldd	r18, Z+4	; 0x04
     332:	35 81       	ldd	r19, Z+5	; 0x05
     334:	46 81       	ldd	r20, Z+6	; 0x06
     336:	57 81       	ldd	r21, Z+7	; 0x07
     338:	57 ff       	sbrs	r21, 7
     33a:	1a c0       	rjmp	.+52     	; 0x370 <_fpadd_parts+0x286>
     33c:	c9 01       	movw	r24, r18
     33e:	aa 27       	eor	r26, r26
     340:	97 fd       	sbrc	r25, 7
     342:	a0 95       	com	r26
     344:	ba 2f       	mov	r27, r26
     346:	81 70       	andi	r24, 0x01	; 1
     348:	90 70       	andi	r25, 0x00	; 0
     34a:	a0 70       	andi	r26, 0x00	; 0
     34c:	b0 70       	andi	r27, 0x00	; 0
     34e:	56 95       	lsr	r21
     350:	47 95       	ror	r20
     352:	37 95       	ror	r19
     354:	27 95       	ror	r18
     356:	82 2b       	or	r24, r18
     358:	93 2b       	or	r25, r19
     35a:	a4 2b       	or	r26, r20
     35c:	b5 2b       	or	r27, r21
     35e:	84 83       	std	Z+4, r24	; 0x04
     360:	95 83       	std	Z+5, r25	; 0x05
     362:	a6 83       	std	Z+6, r26	; 0x06
     364:	b7 83       	std	Z+7, r27	; 0x07
     366:	82 81       	ldd	r24, Z+2	; 0x02
     368:	93 81       	ldd	r25, Z+3	; 0x03
     36a:	01 96       	adiw	r24, 0x01	; 1
     36c:	93 83       	std	Z+3, r25	; 0x03
     36e:	82 83       	std	Z+2, r24	; 0x02
     370:	df 01       	movw	r26, r30
     372:	01 c0       	rjmp	.+2      	; 0x376 <_fpadd_parts+0x28c>
     374:	d2 01       	movw	r26, r4
     376:	cd 01       	movw	r24, r26
     378:	cd b7       	in	r28, 0x3d	; 61
     37a:	de b7       	in	r29, 0x3e	; 62
     37c:	e2 e1       	ldi	r30, 0x12	; 18
     37e:	0c 94 a1 12 	jmp	0x2542	; 0x2542 <__epilogue_restores__>

00000382 <__subsf3>:
     382:	a0 e2       	ldi	r26, 0x20	; 32
     384:	b0 e0       	ldi	r27, 0x00	; 0
     386:	e7 ec       	ldi	r30, 0xC7	; 199
     388:	f1 e0       	ldi	r31, 0x01	; 1
     38a:	0c 94 91 12 	jmp	0x2522	; 0x2522 <__prologue_saves__+0x18>
     38e:	69 83       	std	Y+1, r22	; 0x01
     390:	7a 83       	std	Y+2, r23	; 0x02
     392:	8b 83       	std	Y+3, r24	; 0x03
     394:	9c 83       	std	Y+4, r25	; 0x04
     396:	2d 83       	std	Y+5, r18	; 0x05
     398:	3e 83       	std	Y+6, r19	; 0x06
     39a:	4f 83       	std	Y+7, r20	; 0x07
     39c:	58 87       	std	Y+8, r21	; 0x08
     39e:	e9 e0       	ldi	r30, 0x09	; 9
     3a0:	ee 2e       	mov	r14, r30
     3a2:	f1 2c       	mov	r15, r1
     3a4:	ec 0e       	add	r14, r28
     3a6:	fd 1e       	adc	r15, r29
     3a8:	ce 01       	movw	r24, r28
     3aa:	01 96       	adiw	r24, 0x01	; 1
     3ac:	b7 01       	movw	r22, r14
     3ae:	0e 94 d2 04 	call	0x9a4	; 0x9a4 <__unpack_f>
     3b2:	8e 01       	movw	r16, r28
     3b4:	0f 5e       	subi	r16, 0xEF	; 239
     3b6:	1f 4f       	sbci	r17, 0xFF	; 255
     3b8:	ce 01       	movw	r24, r28
     3ba:	05 96       	adiw	r24, 0x05	; 5
     3bc:	b8 01       	movw	r22, r16
     3be:	0e 94 d2 04 	call	0x9a4	; 0x9a4 <__unpack_f>
     3c2:	8a 89       	ldd	r24, Y+18	; 0x12
     3c4:	91 e0       	ldi	r25, 0x01	; 1
     3c6:	89 27       	eor	r24, r25
     3c8:	8a 8b       	std	Y+18, r24	; 0x12
     3ca:	c7 01       	movw	r24, r14
     3cc:	b8 01       	movw	r22, r16
     3ce:	ae 01       	movw	r20, r28
     3d0:	47 5e       	subi	r20, 0xE7	; 231
     3d2:	5f 4f       	sbci	r21, 0xFF	; 255
     3d4:	0e 94 75 00 	call	0xea	; 0xea <_fpadd_parts>
     3d8:	0e 94 fd 03 	call	0x7fa	; 0x7fa <__pack_f>
     3dc:	a0 96       	adiw	r28, 0x20	; 32
     3de:	e6 e0       	ldi	r30, 0x06	; 6
     3e0:	0c 94 ad 12 	jmp	0x255a	; 0x255a <__epilogue_restores__+0x18>

000003e4 <__addsf3>:
     3e4:	a0 e2       	ldi	r26, 0x20	; 32
     3e6:	b0 e0       	ldi	r27, 0x00	; 0
     3e8:	e8 ef       	ldi	r30, 0xF8	; 248
     3ea:	f1 e0       	ldi	r31, 0x01	; 1
     3ec:	0c 94 91 12 	jmp	0x2522	; 0x2522 <__prologue_saves__+0x18>
     3f0:	69 83       	std	Y+1, r22	; 0x01
     3f2:	7a 83       	std	Y+2, r23	; 0x02
     3f4:	8b 83       	std	Y+3, r24	; 0x03
     3f6:	9c 83       	std	Y+4, r25	; 0x04
     3f8:	2d 83       	std	Y+5, r18	; 0x05
     3fa:	3e 83       	std	Y+6, r19	; 0x06
     3fc:	4f 83       	std	Y+7, r20	; 0x07
     3fe:	58 87       	std	Y+8, r21	; 0x08
     400:	f9 e0       	ldi	r31, 0x09	; 9
     402:	ef 2e       	mov	r14, r31
     404:	f1 2c       	mov	r15, r1
     406:	ec 0e       	add	r14, r28
     408:	fd 1e       	adc	r15, r29
     40a:	ce 01       	movw	r24, r28
     40c:	01 96       	adiw	r24, 0x01	; 1
     40e:	b7 01       	movw	r22, r14
     410:	0e 94 d2 04 	call	0x9a4	; 0x9a4 <__unpack_f>
     414:	8e 01       	movw	r16, r28
     416:	0f 5e       	subi	r16, 0xEF	; 239
     418:	1f 4f       	sbci	r17, 0xFF	; 255
     41a:	ce 01       	movw	r24, r28
     41c:	05 96       	adiw	r24, 0x05	; 5
     41e:	b8 01       	movw	r22, r16
     420:	0e 94 d2 04 	call	0x9a4	; 0x9a4 <__unpack_f>
     424:	c7 01       	movw	r24, r14
     426:	b8 01       	movw	r22, r16
     428:	ae 01       	movw	r20, r28
     42a:	47 5e       	subi	r20, 0xE7	; 231
     42c:	5f 4f       	sbci	r21, 0xFF	; 255
     42e:	0e 94 75 00 	call	0xea	; 0xea <_fpadd_parts>
     432:	0e 94 fd 03 	call	0x7fa	; 0x7fa <__pack_f>
     436:	a0 96       	adiw	r28, 0x20	; 32
     438:	e6 e0       	ldi	r30, 0x06	; 6
     43a:	0c 94 ad 12 	jmp	0x255a	; 0x255a <__epilogue_restores__+0x18>

0000043e <__mulsf3>:
     43e:	a0 e2       	ldi	r26, 0x20	; 32
     440:	b0 e0       	ldi	r27, 0x00	; 0
     442:	e5 e2       	ldi	r30, 0x25	; 37
     444:	f2 e0       	ldi	r31, 0x02	; 2
     446:	0c 94 85 12 	jmp	0x250a	; 0x250a <__prologue_saves__>
     44a:	69 83       	std	Y+1, r22	; 0x01
     44c:	7a 83       	std	Y+2, r23	; 0x02
     44e:	8b 83       	std	Y+3, r24	; 0x03
     450:	9c 83       	std	Y+4, r25	; 0x04
     452:	2d 83       	std	Y+5, r18	; 0x05
     454:	3e 83       	std	Y+6, r19	; 0x06
     456:	4f 83       	std	Y+7, r20	; 0x07
     458:	58 87       	std	Y+8, r21	; 0x08
     45a:	ce 01       	movw	r24, r28
     45c:	01 96       	adiw	r24, 0x01	; 1
     45e:	be 01       	movw	r22, r28
     460:	67 5f       	subi	r22, 0xF7	; 247
     462:	7f 4f       	sbci	r23, 0xFF	; 255
     464:	0e 94 d2 04 	call	0x9a4	; 0x9a4 <__unpack_f>
     468:	ce 01       	movw	r24, r28
     46a:	05 96       	adiw	r24, 0x05	; 5
     46c:	be 01       	movw	r22, r28
     46e:	6f 5e       	subi	r22, 0xEF	; 239
     470:	7f 4f       	sbci	r23, 0xFF	; 255
     472:	0e 94 d2 04 	call	0x9a4	; 0x9a4 <__unpack_f>
     476:	99 85       	ldd	r25, Y+9	; 0x09
     478:	92 30       	cpi	r25, 0x02	; 2
     47a:	88 f0       	brcs	.+34     	; 0x49e <__mulsf3+0x60>
     47c:	89 89       	ldd	r24, Y+17	; 0x11
     47e:	82 30       	cpi	r24, 0x02	; 2
     480:	c8 f0       	brcs	.+50     	; 0x4b4 <__mulsf3+0x76>
     482:	94 30       	cpi	r25, 0x04	; 4
     484:	19 f4       	brne	.+6      	; 0x48c <__mulsf3+0x4e>
     486:	82 30       	cpi	r24, 0x02	; 2
     488:	51 f4       	brne	.+20     	; 0x49e <__mulsf3+0x60>
     48a:	04 c0       	rjmp	.+8      	; 0x494 <__mulsf3+0x56>
     48c:	84 30       	cpi	r24, 0x04	; 4
     48e:	29 f4       	brne	.+10     	; 0x49a <__mulsf3+0x5c>
     490:	92 30       	cpi	r25, 0x02	; 2
     492:	81 f4       	brne	.+32     	; 0x4b4 <__mulsf3+0x76>
     494:	80 e6       	ldi	r24, 0x60	; 96
     496:	90 e0       	ldi	r25, 0x00	; 0
     498:	c6 c0       	rjmp	.+396    	; 0x626 <__mulsf3+0x1e8>
     49a:	92 30       	cpi	r25, 0x02	; 2
     49c:	49 f4       	brne	.+18     	; 0x4b0 <__mulsf3+0x72>
     49e:	20 e0       	ldi	r18, 0x00	; 0
     4a0:	9a 85       	ldd	r25, Y+10	; 0x0a
     4a2:	8a 89       	ldd	r24, Y+18	; 0x12
     4a4:	98 13       	cpse	r25, r24
     4a6:	21 e0       	ldi	r18, 0x01	; 1
     4a8:	2a 87       	std	Y+10, r18	; 0x0a
     4aa:	ce 01       	movw	r24, r28
     4ac:	09 96       	adiw	r24, 0x09	; 9
     4ae:	bb c0       	rjmp	.+374    	; 0x626 <__mulsf3+0x1e8>
     4b0:	82 30       	cpi	r24, 0x02	; 2
     4b2:	49 f4       	brne	.+18     	; 0x4c6 <__mulsf3+0x88>
     4b4:	20 e0       	ldi	r18, 0x00	; 0
     4b6:	9a 85       	ldd	r25, Y+10	; 0x0a
     4b8:	8a 89       	ldd	r24, Y+18	; 0x12
     4ba:	98 13       	cpse	r25, r24
     4bc:	21 e0       	ldi	r18, 0x01	; 1
     4be:	2a 8b       	std	Y+18, r18	; 0x12
     4c0:	ce 01       	movw	r24, r28
     4c2:	41 96       	adiw	r24, 0x11	; 17
     4c4:	b0 c0       	rjmp	.+352    	; 0x626 <__mulsf3+0x1e8>
     4c6:	2d 84       	ldd	r2, Y+13	; 0x0d
     4c8:	3e 84       	ldd	r3, Y+14	; 0x0e
     4ca:	4f 84       	ldd	r4, Y+15	; 0x0f
     4cc:	58 88       	ldd	r5, Y+16	; 0x10
     4ce:	6d 88       	ldd	r6, Y+21	; 0x15
     4d0:	7e 88       	ldd	r7, Y+22	; 0x16
     4d2:	8f 88       	ldd	r8, Y+23	; 0x17
     4d4:	98 8c       	ldd	r9, Y+24	; 0x18
     4d6:	ee 24       	eor	r14, r14
     4d8:	ff 24       	eor	r15, r15
     4da:	87 01       	movw	r16, r14
     4dc:	aa 24       	eor	r10, r10
     4de:	bb 24       	eor	r11, r11
     4e0:	65 01       	movw	r12, r10
     4e2:	40 e0       	ldi	r20, 0x00	; 0
     4e4:	50 e0       	ldi	r21, 0x00	; 0
     4e6:	60 e0       	ldi	r22, 0x00	; 0
     4e8:	70 e0       	ldi	r23, 0x00	; 0
     4ea:	e0 e0       	ldi	r30, 0x00	; 0
     4ec:	f0 e0       	ldi	r31, 0x00	; 0
     4ee:	c1 01       	movw	r24, r2
     4f0:	81 70       	andi	r24, 0x01	; 1
     4f2:	90 70       	andi	r25, 0x00	; 0
     4f4:	89 2b       	or	r24, r25
     4f6:	e9 f0       	breq	.+58     	; 0x532 <__mulsf3+0xf4>
     4f8:	e6 0c       	add	r14, r6
     4fa:	f7 1c       	adc	r15, r7
     4fc:	08 1d       	adc	r16, r8
     4fe:	19 1d       	adc	r17, r9
     500:	9a 01       	movw	r18, r20
     502:	ab 01       	movw	r20, r22
     504:	2a 0d       	add	r18, r10
     506:	3b 1d       	adc	r19, r11
     508:	4c 1d       	adc	r20, r12
     50a:	5d 1d       	adc	r21, r13
     50c:	80 e0       	ldi	r24, 0x00	; 0
     50e:	90 e0       	ldi	r25, 0x00	; 0
     510:	a0 e0       	ldi	r26, 0x00	; 0
     512:	b0 e0       	ldi	r27, 0x00	; 0
     514:	e6 14       	cp	r14, r6
     516:	f7 04       	cpc	r15, r7
     518:	08 05       	cpc	r16, r8
     51a:	19 05       	cpc	r17, r9
     51c:	20 f4       	brcc	.+8      	; 0x526 <__mulsf3+0xe8>
     51e:	81 e0       	ldi	r24, 0x01	; 1
     520:	90 e0       	ldi	r25, 0x00	; 0
     522:	a0 e0       	ldi	r26, 0x00	; 0
     524:	b0 e0       	ldi	r27, 0x00	; 0
     526:	ba 01       	movw	r22, r20
     528:	a9 01       	movw	r20, r18
     52a:	48 0f       	add	r20, r24
     52c:	59 1f       	adc	r21, r25
     52e:	6a 1f       	adc	r22, r26
     530:	7b 1f       	adc	r23, r27
     532:	aa 0c       	add	r10, r10
     534:	bb 1c       	adc	r11, r11
     536:	cc 1c       	adc	r12, r12
     538:	dd 1c       	adc	r13, r13
     53a:	97 fe       	sbrs	r9, 7
     53c:	08 c0       	rjmp	.+16     	; 0x54e <__mulsf3+0x110>
     53e:	81 e0       	ldi	r24, 0x01	; 1
     540:	90 e0       	ldi	r25, 0x00	; 0
     542:	a0 e0       	ldi	r26, 0x00	; 0
     544:	b0 e0       	ldi	r27, 0x00	; 0
     546:	a8 2a       	or	r10, r24
     548:	b9 2a       	or	r11, r25
     54a:	ca 2a       	or	r12, r26
     54c:	db 2a       	or	r13, r27
     54e:	31 96       	adiw	r30, 0x01	; 1
     550:	e0 32       	cpi	r30, 0x20	; 32
     552:	f1 05       	cpc	r31, r1
     554:	49 f0       	breq	.+18     	; 0x568 <__mulsf3+0x12a>
     556:	66 0c       	add	r6, r6
     558:	77 1c       	adc	r7, r7
     55a:	88 1c       	adc	r8, r8
     55c:	99 1c       	adc	r9, r9
     55e:	56 94       	lsr	r5
     560:	47 94       	ror	r4
     562:	37 94       	ror	r3
     564:	27 94       	ror	r2
     566:	c3 cf       	rjmp	.-122    	; 0x4ee <__mulsf3+0xb0>
     568:	fa 85       	ldd	r31, Y+10	; 0x0a
     56a:	ea 89       	ldd	r30, Y+18	; 0x12
     56c:	2b 89       	ldd	r18, Y+19	; 0x13
     56e:	3c 89       	ldd	r19, Y+20	; 0x14
     570:	8b 85       	ldd	r24, Y+11	; 0x0b
     572:	9c 85       	ldd	r25, Y+12	; 0x0c
     574:	28 0f       	add	r18, r24
     576:	39 1f       	adc	r19, r25
     578:	2e 5f       	subi	r18, 0xFE	; 254
     57a:	3f 4f       	sbci	r19, 0xFF	; 255
     57c:	17 c0       	rjmp	.+46     	; 0x5ac <__mulsf3+0x16e>
     57e:	ca 01       	movw	r24, r20
     580:	81 70       	andi	r24, 0x01	; 1
     582:	90 70       	andi	r25, 0x00	; 0
     584:	89 2b       	or	r24, r25
     586:	61 f0       	breq	.+24     	; 0x5a0 <__mulsf3+0x162>
     588:	16 95       	lsr	r17
     58a:	07 95       	ror	r16
     58c:	f7 94       	ror	r15
     58e:	e7 94       	ror	r14
     590:	80 e0       	ldi	r24, 0x00	; 0
     592:	90 e0       	ldi	r25, 0x00	; 0
     594:	a0 e0       	ldi	r26, 0x00	; 0
     596:	b0 e8       	ldi	r27, 0x80	; 128
     598:	e8 2a       	or	r14, r24
     59a:	f9 2a       	or	r15, r25
     59c:	0a 2b       	or	r16, r26
     59e:	1b 2b       	or	r17, r27
     5a0:	76 95       	lsr	r23
     5a2:	67 95       	ror	r22
     5a4:	57 95       	ror	r21
     5a6:	47 95       	ror	r20
     5a8:	2f 5f       	subi	r18, 0xFF	; 255
     5aa:	3f 4f       	sbci	r19, 0xFF	; 255
     5ac:	77 fd       	sbrc	r23, 7
     5ae:	e7 cf       	rjmp	.-50     	; 0x57e <__mulsf3+0x140>
     5b0:	0c c0       	rjmp	.+24     	; 0x5ca <__mulsf3+0x18c>
     5b2:	44 0f       	add	r20, r20
     5b4:	55 1f       	adc	r21, r21
     5b6:	66 1f       	adc	r22, r22
     5b8:	77 1f       	adc	r23, r23
     5ba:	17 fd       	sbrc	r17, 7
     5bc:	41 60       	ori	r20, 0x01	; 1
     5be:	ee 0c       	add	r14, r14
     5c0:	ff 1c       	adc	r15, r15
     5c2:	00 1f       	adc	r16, r16
     5c4:	11 1f       	adc	r17, r17
     5c6:	21 50       	subi	r18, 0x01	; 1
     5c8:	30 40       	sbci	r19, 0x00	; 0
     5ca:	40 30       	cpi	r20, 0x00	; 0
     5cc:	90 e0       	ldi	r25, 0x00	; 0
     5ce:	59 07       	cpc	r21, r25
     5d0:	90 e0       	ldi	r25, 0x00	; 0
     5d2:	69 07       	cpc	r22, r25
     5d4:	90 e4       	ldi	r25, 0x40	; 64
     5d6:	79 07       	cpc	r23, r25
     5d8:	60 f3       	brcs	.-40     	; 0x5b2 <__mulsf3+0x174>
     5da:	2b 8f       	std	Y+27, r18	; 0x1b
     5dc:	3c 8f       	std	Y+28, r19	; 0x1c
     5de:	db 01       	movw	r26, r22
     5e0:	ca 01       	movw	r24, r20
     5e2:	8f 77       	andi	r24, 0x7F	; 127
     5e4:	90 70       	andi	r25, 0x00	; 0
     5e6:	a0 70       	andi	r26, 0x00	; 0
     5e8:	b0 70       	andi	r27, 0x00	; 0
     5ea:	80 34       	cpi	r24, 0x40	; 64
     5ec:	91 05       	cpc	r25, r1
     5ee:	a1 05       	cpc	r26, r1
     5f0:	b1 05       	cpc	r27, r1
     5f2:	61 f4       	brne	.+24     	; 0x60c <__mulsf3+0x1ce>
     5f4:	47 fd       	sbrc	r20, 7
     5f6:	0a c0       	rjmp	.+20     	; 0x60c <__mulsf3+0x1ce>
     5f8:	e1 14       	cp	r14, r1
     5fa:	f1 04       	cpc	r15, r1
     5fc:	01 05       	cpc	r16, r1
     5fe:	11 05       	cpc	r17, r1
     600:	29 f0       	breq	.+10     	; 0x60c <__mulsf3+0x1ce>
     602:	40 5c       	subi	r20, 0xC0	; 192
     604:	5f 4f       	sbci	r21, 0xFF	; 255
     606:	6f 4f       	sbci	r22, 0xFF	; 255
     608:	7f 4f       	sbci	r23, 0xFF	; 255
     60a:	40 78       	andi	r20, 0x80	; 128
     60c:	1a 8e       	std	Y+26, r1	; 0x1a
     60e:	fe 17       	cp	r31, r30
     610:	11 f0       	breq	.+4      	; 0x616 <__mulsf3+0x1d8>
     612:	81 e0       	ldi	r24, 0x01	; 1
     614:	8a 8f       	std	Y+26, r24	; 0x1a
     616:	4d 8f       	std	Y+29, r20	; 0x1d
     618:	5e 8f       	std	Y+30, r21	; 0x1e
     61a:	6f 8f       	std	Y+31, r22	; 0x1f
     61c:	78 a3       	std	Y+32, r23	; 0x20
     61e:	83 e0       	ldi	r24, 0x03	; 3
     620:	89 8f       	std	Y+25, r24	; 0x19
     622:	ce 01       	movw	r24, r28
     624:	49 96       	adiw	r24, 0x19	; 25
     626:	0e 94 fd 03 	call	0x7fa	; 0x7fa <__pack_f>
     62a:	a0 96       	adiw	r28, 0x20	; 32
     62c:	e2 e1       	ldi	r30, 0x12	; 18
     62e:	0c 94 a1 12 	jmp	0x2542	; 0x2542 <__epilogue_restores__>

00000632 <__gtsf2>:
     632:	a8 e1       	ldi	r26, 0x18	; 24
     634:	b0 e0       	ldi	r27, 0x00	; 0
     636:	ef e1       	ldi	r30, 0x1F	; 31
     638:	f3 e0       	ldi	r31, 0x03	; 3
     63a:	0c 94 91 12 	jmp	0x2522	; 0x2522 <__prologue_saves__+0x18>
     63e:	69 83       	std	Y+1, r22	; 0x01
     640:	7a 83       	std	Y+2, r23	; 0x02
     642:	8b 83       	std	Y+3, r24	; 0x03
     644:	9c 83       	std	Y+4, r25	; 0x04
     646:	2d 83       	std	Y+5, r18	; 0x05
     648:	3e 83       	std	Y+6, r19	; 0x06
     64a:	4f 83       	std	Y+7, r20	; 0x07
     64c:	58 87       	std	Y+8, r21	; 0x08
     64e:	89 e0       	ldi	r24, 0x09	; 9
     650:	e8 2e       	mov	r14, r24
     652:	f1 2c       	mov	r15, r1
     654:	ec 0e       	add	r14, r28
     656:	fd 1e       	adc	r15, r29
     658:	ce 01       	movw	r24, r28
     65a:	01 96       	adiw	r24, 0x01	; 1
     65c:	b7 01       	movw	r22, r14
     65e:	0e 94 d2 04 	call	0x9a4	; 0x9a4 <__unpack_f>
     662:	8e 01       	movw	r16, r28
     664:	0f 5e       	subi	r16, 0xEF	; 239
     666:	1f 4f       	sbci	r17, 0xFF	; 255
     668:	ce 01       	movw	r24, r28
     66a:	05 96       	adiw	r24, 0x05	; 5
     66c:	b8 01       	movw	r22, r16
     66e:	0e 94 d2 04 	call	0x9a4	; 0x9a4 <__unpack_f>
     672:	89 85       	ldd	r24, Y+9	; 0x09
     674:	82 30       	cpi	r24, 0x02	; 2
     676:	40 f0       	brcs	.+16     	; 0x688 <__gtsf2+0x56>
     678:	89 89       	ldd	r24, Y+17	; 0x11
     67a:	82 30       	cpi	r24, 0x02	; 2
     67c:	28 f0       	brcs	.+10     	; 0x688 <__gtsf2+0x56>
     67e:	c7 01       	movw	r24, r14
     680:	b8 01       	movw	r22, r16
     682:	0e 94 4a 05 	call	0xa94	; 0xa94 <__fpcmp_parts_f>
     686:	01 c0       	rjmp	.+2      	; 0x68a <__gtsf2+0x58>
     688:	8f ef       	ldi	r24, 0xFF	; 255
     68a:	68 96       	adiw	r28, 0x18	; 24
     68c:	e6 e0       	ldi	r30, 0x06	; 6
     68e:	0c 94 ad 12 	jmp	0x255a	; 0x255a <__epilogue_restores__+0x18>

00000692 <__gesf2>:
     692:	a8 e1       	ldi	r26, 0x18	; 24
     694:	b0 e0       	ldi	r27, 0x00	; 0
     696:	ef e4       	ldi	r30, 0x4F	; 79
     698:	f3 e0       	ldi	r31, 0x03	; 3
     69a:	0c 94 91 12 	jmp	0x2522	; 0x2522 <__prologue_saves__+0x18>
     69e:	69 83       	std	Y+1, r22	; 0x01
     6a0:	7a 83       	std	Y+2, r23	; 0x02
     6a2:	8b 83       	std	Y+3, r24	; 0x03
     6a4:	9c 83       	std	Y+4, r25	; 0x04
     6a6:	2d 83       	std	Y+5, r18	; 0x05
     6a8:	3e 83       	std	Y+6, r19	; 0x06
     6aa:	4f 83       	std	Y+7, r20	; 0x07
     6ac:	58 87       	std	Y+8, r21	; 0x08
     6ae:	89 e0       	ldi	r24, 0x09	; 9
     6b0:	e8 2e       	mov	r14, r24
     6b2:	f1 2c       	mov	r15, r1
     6b4:	ec 0e       	add	r14, r28
     6b6:	fd 1e       	adc	r15, r29
     6b8:	ce 01       	movw	r24, r28
     6ba:	01 96       	adiw	r24, 0x01	; 1
     6bc:	b7 01       	movw	r22, r14
     6be:	0e 94 d2 04 	call	0x9a4	; 0x9a4 <__unpack_f>
     6c2:	8e 01       	movw	r16, r28
     6c4:	0f 5e       	subi	r16, 0xEF	; 239
     6c6:	1f 4f       	sbci	r17, 0xFF	; 255
     6c8:	ce 01       	movw	r24, r28
     6ca:	05 96       	adiw	r24, 0x05	; 5
     6cc:	b8 01       	movw	r22, r16
     6ce:	0e 94 d2 04 	call	0x9a4	; 0x9a4 <__unpack_f>
     6d2:	89 85       	ldd	r24, Y+9	; 0x09
     6d4:	82 30       	cpi	r24, 0x02	; 2
     6d6:	40 f0       	brcs	.+16     	; 0x6e8 <__gesf2+0x56>
     6d8:	89 89       	ldd	r24, Y+17	; 0x11
     6da:	82 30       	cpi	r24, 0x02	; 2
     6dc:	28 f0       	brcs	.+10     	; 0x6e8 <__gesf2+0x56>
     6de:	c7 01       	movw	r24, r14
     6e0:	b8 01       	movw	r22, r16
     6e2:	0e 94 4a 05 	call	0xa94	; 0xa94 <__fpcmp_parts_f>
     6e6:	01 c0       	rjmp	.+2      	; 0x6ea <__gesf2+0x58>
     6e8:	8f ef       	ldi	r24, 0xFF	; 255
     6ea:	68 96       	adiw	r28, 0x18	; 24
     6ec:	e6 e0       	ldi	r30, 0x06	; 6
     6ee:	0c 94 ad 12 	jmp	0x255a	; 0x255a <__epilogue_restores__+0x18>

000006f2 <__ltsf2>:
     6f2:	a8 e1       	ldi	r26, 0x18	; 24
     6f4:	b0 e0       	ldi	r27, 0x00	; 0
     6f6:	ef e7       	ldi	r30, 0x7F	; 127
     6f8:	f3 e0       	ldi	r31, 0x03	; 3
     6fa:	0c 94 91 12 	jmp	0x2522	; 0x2522 <__prologue_saves__+0x18>
     6fe:	69 83       	std	Y+1, r22	; 0x01
     700:	7a 83       	std	Y+2, r23	; 0x02
     702:	8b 83       	std	Y+3, r24	; 0x03
     704:	9c 83       	std	Y+4, r25	; 0x04
     706:	2d 83       	std	Y+5, r18	; 0x05
     708:	3e 83       	std	Y+6, r19	; 0x06
     70a:	4f 83       	std	Y+7, r20	; 0x07
     70c:	58 87       	std	Y+8, r21	; 0x08
     70e:	89 e0       	ldi	r24, 0x09	; 9
     710:	e8 2e       	mov	r14, r24
     712:	f1 2c       	mov	r15, r1
     714:	ec 0e       	add	r14, r28
     716:	fd 1e       	adc	r15, r29
     718:	ce 01       	movw	r24, r28
     71a:	01 96       	adiw	r24, 0x01	; 1
     71c:	b7 01       	movw	r22, r14
     71e:	0e 94 d2 04 	call	0x9a4	; 0x9a4 <__unpack_f>
     722:	8e 01       	movw	r16, r28
     724:	0f 5e       	subi	r16, 0xEF	; 239
     726:	1f 4f       	sbci	r17, 0xFF	; 255
     728:	ce 01       	movw	r24, r28
     72a:	05 96       	adiw	r24, 0x05	; 5
     72c:	b8 01       	movw	r22, r16
     72e:	0e 94 d2 04 	call	0x9a4	; 0x9a4 <__unpack_f>
     732:	89 85       	ldd	r24, Y+9	; 0x09
     734:	82 30       	cpi	r24, 0x02	; 2
     736:	40 f0       	brcs	.+16     	; 0x748 <__ltsf2+0x56>
     738:	89 89       	ldd	r24, Y+17	; 0x11
     73a:	82 30       	cpi	r24, 0x02	; 2
     73c:	28 f0       	brcs	.+10     	; 0x748 <__ltsf2+0x56>
     73e:	c7 01       	movw	r24, r14
     740:	b8 01       	movw	r22, r16
     742:	0e 94 4a 05 	call	0xa94	; 0xa94 <__fpcmp_parts_f>
     746:	01 c0       	rjmp	.+2      	; 0x74a <__ltsf2+0x58>
     748:	81 e0       	ldi	r24, 0x01	; 1
     74a:	68 96       	adiw	r28, 0x18	; 24
     74c:	e6 e0       	ldi	r30, 0x06	; 6
     74e:	0c 94 ad 12 	jmp	0x255a	; 0x255a <__epilogue_restores__+0x18>

00000752 <__fixsfsi>:
     752:	ac e0       	ldi	r26, 0x0C	; 12
     754:	b0 e0       	ldi	r27, 0x00	; 0
     756:	ef ea       	ldi	r30, 0xAF	; 175
     758:	f3 e0       	ldi	r31, 0x03	; 3
     75a:	0c 94 95 12 	jmp	0x252a	; 0x252a <__prologue_saves__+0x20>
     75e:	69 83       	std	Y+1, r22	; 0x01
     760:	7a 83       	std	Y+2, r23	; 0x02
     762:	8b 83       	std	Y+3, r24	; 0x03
     764:	9c 83       	std	Y+4, r25	; 0x04
     766:	ce 01       	movw	r24, r28
     768:	01 96       	adiw	r24, 0x01	; 1
     76a:	be 01       	movw	r22, r28
     76c:	6b 5f       	subi	r22, 0xFB	; 251
     76e:	7f 4f       	sbci	r23, 0xFF	; 255
     770:	0e 94 d2 04 	call	0x9a4	; 0x9a4 <__unpack_f>
     774:	8d 81       	ldd	r24, Y+5	; 0x05
     776:	82 30       	cpi	r24, 0x02	; 2
     778:	61 f1       	breq	.+88     	; 0x7d2 <__fixsfsi+0x80>
     77a:	82 30       	cpi	r24, 0x02	; 2
     77c:	50 f1       	brcs	.+84     	; 0x7d2 <__fixsfsi+0x80>
     77e:	84 30       	cpi	r24, 0x04	; 4
     780:	21 f4       	brne	.+8      	; 0x78a <__fixsfsi+0x38>
     782:	8e 81       	ldd	r24, Y+6	; 0x06
     784:	88 23       	and	r24, r24
     786:	51 f1       	breq	.+84     	; 0x7dc <__fixsfsi+0x8a>
     788:	2e c0       	rjmp	.+92     	; 0x7e6 <__fixsfsi+0x94>
     78a:	2f 81       	ldd	r18, Y+7	; 0x07
     78c:	38 85       	ldd	r19, Y+8	; 0x08
     78e:	37 fd       	sbrc	r19, 7
     790:	20 c0       	rjmp	.+64     	; 0x7d2 <__fixsfsi+0x80>
     792:	6e 81       	ldd	r22, Y+6	; 0x06
     794:	2f 31       	cpi	r18, 0x1F	; 31
     796:	31 05       	cpc	r19, r1
     798:	1c f0       	brlt	.+6      	; 0x7a0 <__fixsfsi+0x4e>
     79a:	66 23       	and	r22, r22
     79c:	f9 f0       	breq	.+62     	; 0x7dc <__fixsfsi+0x8a>
     79e:	23 c0       	rjmp	.+70     	; 0x7e6 <__fixsfsi+0x94>
     7a0:	8e e1       	ldi	r24, 0x1E	; 30
     7a2:	90 e0       	ldi	r25, 0x00	; 0
     7a4:	82 1b       	sub	r24, r18
     7a6:	93 0b       	sbc	r25, r19
     7a8:	29 85       	ldd	r18, Y+9	; 0x09
     7aa:	3a 85       	ldd	r19, Y+10	; 0x0a
     7ac:	4b 85       	ldd	r20, Y+11	; 0x0b
     7ae:	5c 85       	ldd	r21, Y+12	; 0x0c
     7b0:	04 c0       	rjmp	.+8      	; 0x7ba <__fixsfsi+0x68>
     7b2:	56 95       	lsr	r21
     7b4:	47 95       	ror	r20
     7b6:	37 95       	ror	r19
     7b8:	27 95       	ror	r18
     7ba:	8a 95       	dec	r24
     7bc:	d2 f7       	brpl	.-12     	; 0x7b2 <__fixsfsi+0x60>
     7be:	66 23       	and	r22, r22
     7c0:	b1 f0       	breq	.+44     	; 0x7ee <__fixsfsi+0x9c>
     7c2:	50 95       	com	r21
     7c4:	40 95       	com	r20
     7c6:	30 95       	com	r19
     7c8:	21 95       	neg	r18
     7ca:	3f 4f       	sbci	r19, 0xFF	; 255
     7cc:	4f 4f       	sbci	r20, 0xFF	; 255
     7ce:	5f 4f       	sbci	r21, 0xFF	; 255
     7d0:	0e c0       	rjmp	.+28     	; 0x7ee <__fixsfsi+0x9c>
     7d2:	20 e0       	ldi	r18, 0x00	; 0
     7d4:	30 e0       	ldi	r19, 0x00	; 0
     7d6:	40 e0       	ldi	r20, 0x00	; 0
     7d8:	50 e0       	ldi	r21, 0x00	; 0
     7da:	09 c0       	rjmp	.+18     	; 0x7ee <__fixsfsi+0x9c>
     7dc:	2f ef       	ldi	r18, 0xFF	; 255
     7de:	3f ef       	ldi	r19, 0xFF	; 255
     7e0:	4f ef       	ldi	r20, 0xFF	; 255
     7e2:	5f e7       	ldi	r21, 0x7F	; 127
     7e4:	04 c0       	rjmp	.+8      	; 0x7ee <__fixsfsi+0x9c>
     7e6:	20 e0       	ldi	r18, 0x00	; 0
     7e8:	30 e0       	ldi	r19, 0x00	; 0
     7ea:	40 e0       	ldi	r20, 0x00	; 0
     7ec:	50 e8       	ldi	r21, 0x80	; 128
     7ee:	b9 01       	movw	r22, r18
     7f0:	ca 01       	movw	r24, r20
     7f2:	2c 96       	adiw	r28, 0x0c	; 12
     7f4:	e2 e0       	ldi	r30, 0x02	; 2
     7f6:	0c 94 b1 12 	jmp	0x2562	; 0x2562 <__epilogue_restores__+0x20>

000007fa <__pack_f>:
     7fa:	df 92       	push	r13
     7fc:	ef 92       	push	r14
     7fe:	ff 92       	push	r15
     800:	0f 93       	push	r16
     802:	1f 93       	push	r17
     804:	fc 01       	movw	r30, r24
     806:	e4 80       	ldd	r14, Z+4	; 0x04
     808:	f5 80       	ldd	r15, Z+5	; 0x05
     80a:	06 81       	ldd	r16, Z+6	; 0x06
     80c:	17 81       	ldd	r17, Z+7	; 0x07
     80e:	d1 80       	ldd	r13, Z+1	; 0x01
     810:	80 81       	ld	r24, Z
     812:	82 30       	cpi	r24, 0x02	; 2
     814:	48 f4       	brcc	.+18     	; 0x828 <__pack_f+0x2e>
     816:	80 e0       	ldi	r24, 0x00	; 0
     818:	90 e0       	ldi	r25, 0x00	; 0
     81a:	a0 e1       	ldi	r26, 0x10	; 16
     81c:	b0 e0       	ldi	r27, 0x00	; 0
     81e:	e8 2a       	or	r14, r24
     820:	f9 2a       	or	r15, r25
     822:	0a 2b       	or	r16, r26
     824:	1b 2b       	or	r17, r27
     826:	a5 c0       	rjmp	.+330    	; 0x972 <__stack+0x113>
     828:	84 30       	cpi	r24, 0x04	; 4
     82a:	09 f4       	brne	.+2      	; 0x82e <__pack_f+0x34>
     82c:	9f c0       	rjmp	.+318    	; 0x96c <__stack+0x10d>
     82e:	82 30       	cpi	r24, 0x02	; 2
     830:	21 f4       	brne	.+8      	; 0x83a <__pack_f+0x40>
     832:	ee 24       	eor	r14, r14
     834:	ff 24       	eor	r15, r15
     836:	87 01       	movw	r16, r14
     838:	05 c0       	rjmp	.+10     	; 0x844 <__pack_f+0x4a>
     83a:	e1 14       	cp	r14, r1
     83c:	f1 04       	cpc	r15, r1
     83e:	01 05       	cpc	r16, r1
     840:	11 05       	cpc	r17, r1
     842:	19 f4       	brne	.+6      	; 0x84a <__pack_f+0x50>
     844:	e0 e0       	ldi	r30, 0x00	; 0
     846:	f0 e0       	ldi	r31, 0x00	; 0
     848:	96 c0       	rjmp	.+300    	; 0x976 <__stack+0x117>
     84a:	62 81       	ldd	r22, Z+2	; 0x02
     84c:	73 81       	ldd	r23, Z+3	; 0x03
     84e:	9f ef       	ldi	r25, 0xFF	; 255
     850:	62 38       	cpi	r22, 0x82	; 130
     852:	79 07       	cpc	r23, r25
     854:	0c f0       	brlt	.+2      	; 0x858 <__pack_f+0x5e>
     856:	5b c0       	rjmp	.+182    	; 0x90e <__stack+0xaf>
     858:	22 e8       	ldi	r18, 0x82	; 130
     85a:	3f ef       	ldi	r19, 0xFF	; 255
     85c:	26 1b       	sub	r18, r22
     85e:	37 0b       	sbc	r19, r23
     860:	2a 31       	cpi	r18, 0x1A	; 26
     862:	31 05       	cpc	r19, r1
     864:	2c f0       	brlt	.+10     	; 0x870 <__stack+0x11>
     866:	20 e0       	ldi	r18, 0x00	; 0
     868:	30 e0       	ldi	r19, 0x00	; 0
     86a:	40 e0       	ldi	r20, 0x00	; 0
     86c:	50 e0       	ldi	r21, 0x00	; 0
     86e:	2a c0       	rjmp	.+84     	; 0x8c4 <__stack+0x65>
     870:	b8 01       	movw	r22, r16
     872:	a7 01       	movw	r20, r14
     874:	02 2e       	mov	r0, r18
     876:	04 c0       	rjmp	.+8      	; 0x880 <__stack+0x21>
     878:	76 95       	lsr	r23
     87a:	67 95       	ror	r22
     87c:	57 95       	ror	r21
     87e:	47 95       	ror	r20
     880:	0a 94       	dec	r0
     882:	d2 f7       	brpl	.-12     	; 0x878 <__stack+0x19>
     884:	81 e0       	ldi	r24, 0x01	; 1
     886:	90 e0       	ldi	r25, 0x00	; 0
     888:	a0 e0       	ldi	r26, 0x00	; 0
     88a:	b0 e0       	ldi	r27, 0x00	; 0
     88c:	04 c0       	rjmp	.+8      	; 0x896 <__stack+0x37>
     88e:	88 0f       	add	r24, r24
     890:	99 1f       	adc	r25, r25
     892:	aa 1f       	adc	r26, r26
     894:	bb 1f       	adc	r27, r27
     896:	2a 95       	dec	r18
     898:	d2 f7       	brpl	.-12     	; 0x88e <__stack+0x2f>
     89a:	01 97       	sbiw	r24, 0x01	; 1
     89c:	a1 09       	sbc	r26, r1
     89e:	b1 09       	sbc	r27, r1
     8a0:	8e 21       	and	r24, r14
     8a2:	9f 21       	and	r25, r15
     8a4:	a0 23       	and	r26, r16
     8a6:	b1 23       	and	r27, r17
     8a8:	00 97       	sbiw	r24, 0x00	; 0
     8aa:	a1 05       	cpc	r26, r1
     8ac:	b1 05       	cpc	r27, r1
     8ae:	21 f0       	breq	.+8      	; 0x8b8 <__stack+0x59>
     8b0:	81 e0       	ldi	r24, 0x01	; 1
     8b2:	90 e0       	ldi	r25, 0x00	; 0
     8b4:	a0 e0       	ldi	r26, 0x00	; 0
     8b6:	b0 e0       	ldi	r27, 0x00	; 0
     8b8:	9a 01       	movw	r18, r20
     8ba:	ab 01       	movw	r20, r22
     8bc:	28 2b       	or	r18, r24
     8be:	39 2b       	or	r19, r25
     8c0:	4a 2b       	or	r20, r26
     8c2:	5b 2b       	or	r21, r27
     8c4:	da 01       	movw	r26, r20
     8c6:	c9 01       	movw	r24, r18
     8c8:	8f 77       	andi	r24, 0x7F	; 127
     8ca:	90 70       	andi	r25, 0x00	; 0
     8cc:	a0 70       	andi	r26, 0x00	; 0
     8ce:	b0 70       	andi	r27, 0x00	; 0
     8d0:	80 34       	cpi	r24, 0x40	; 64
     8d2:	91 05       	cpc	r25, r1
     8d4:	a1 05       	cpc	r26, r1
     8d6:	b1 05       	cpc	r27, r1
     8d8:	39 f4       	brne	.+14     	; 0x8e8 <__stack+0x89>
     8da:	27 ff       	sbrs	r18, 7
     8dc:	09 c0       	rjmp	.+18     	; 0x8f0 <__stack+0x91>
     8de:	20 5c       	subi	r18, 0xC0	; 192
     8e0:	3f 4f       	sbci	r19, 0xFF	; 255
     8e2:	4f 4f       	sbci	r20, 0xFF	; 255
     8e4:	5f 4f       	sbci	r21, 0xFF	; 255
     8e6:	04 c0       	rjmp	.+8      	; 0x8f0 <__stack+0x91>
     8e8:	21 5c       	subi	r18, 0xC1	; 193
     8ea:	3f 4f       	sbci	r19, 0xFF	; 255
     8ec:	4f 4f       	sbci	r20, 0xFF	; 255
     8ee:	5f 4f       	sbci	r21, 0xFF	; 255
     8f0:	e0 e0       	ldi	r30, 0x00	; 0
     8f2:	f0 e0       	ldi	r31, 0x00	; 0
     8f4:	20 30       	cpi	r18, 0x00	; 0
     8f6:	a0 e0       	ldi	r26, 0x00	; 0
     8f8:	3a 07       	cpc	r19, r26
     8fa:	a0 e0       	ldi	r26, 0x00	; 0
     8fc:	4a 07       	cpc	r20, r26
     8fe:	a0 e4       	ldi	r26, 0x40	; 64
     900:	5a 07       	cpc	r21, r26
     902:	10 f0       	brcs	.+4      	; 0x908 <__stack+0xa9>
     904:	e1 e0       	ldi	r30, 0x01	; 1
     906:	f0 e0       	ldi	r31, 0x00	; 0
     908:	79 01       	movw	r14, r18
     90a:	8a 01       	movw	r16, r20
     90c:	27 c0       	rjmp	.+78     	; 0x95c <__stack+0xfd>
     90e:	60 38       	cpi	r22, 0x80	; 128
     910:	71 05       	cpc	r23, r1
     912:	64 f5       	brge	.+88     	; 0x96c <__stack+0x10d>
     914:	fb 01       	movw	r30, r22
     916:	e1 58       	subi	r30, 0x81	; 129
     918:	ff 4f       	sbci	r31, 0xFF	; 255
     91a:	d8 01       	movw	r26, r16
     91c:	c7 01       	movw	r24, r14
     91e:	8f 77       	andi	r24, 0x7F	; 127
     920:	90 70       	andi	r25, 0x00	; 0
     922:	a0 70       	andi	r26, 0x00	; 0
     924:	b0 70       	andi	r27, 0x00	; 0
     926:	80 34       	cpi	r24, 0x40	; 64
     928:	91 05       	cpc	r25, r1
     92a:	a1 05       	cpc	r26, r1
     92c:	b1 05       	cpc	r27, r1
     92e:	39 f4       	brne	.+14     	; 0x93e <__stack+0xdf>
     930:	e7 fe       	sbrs	r14, 7
     932:	0d c0       	rjmp	.+26     	; 0x94e <__stack+0xef>
     934:	80 e4       	ldi	r24, 0x40	; 64
     936:	90 e0       	ldi	r25, 0x00	; 0
     938:	a0 e0       	ldi	r26, 0x00	; 0
     93a:	b0 e0       	ldi	r27, 0x00	; 0
     93c:	04 c0       	rjmp	.+8      	; 0x946 <__stack+0xe7>
     93e:	8f e3       	ldi	r24, 0x3F	; 63
     940:	90 e0       	ldi	r25, 0x00	; 0
     942:	a0 e0       	ldi	r26, 0x00	; 0
     944:	b0 e0       	ldi	r27, 0x00	; 0
     946:	e8 0e       	add	r14, r24
     948:	f9 1e       	adc	r15, r25
     94a:	0a 1f       	adc	r16, r26
     94c:	1b 1f       	adc	r17, r27
     94e:	17 ff       	sbrs	r17, 7
     950:	05 c0       	rjmp	.+10     	; 0x95c <__stack+0xfd>
     952:	16 95       	lsr	r17
     954:	07 95       	ror	r16
     956:	f7 94       	ror	r15
     958:	e7 94       	ror	r14
     95a:	31 96       	adiw	r30, 0x01	; 1
     95c:	87 e0       	ldi	r24, 0x07	; 7
     95e:	16 95       	lsr	r17
     960:	07 95       	ror	r16
     962:	f7 94       	ror	r15
     964:	e7 94       	ror	r14
     966:	8a 95       	dec	r24
     968:	d1 f7       	brne	.-12     	; 0x95e <__stack+0xff>
     96a:	05 c0       	rjmp	.+10     	; 0x976 <__stack+0x117>
     96c:	ee 24       	eor	r14, r14
     96e:	ff 24       	eor	r15, r15
     970:	87 01       	movw	r16, r14
     972:	ef ef       	ldi	r30, 0xFF	; 255
     974:	f0 e0       	ldi	r31, 0x00	; 0
     976:	6e 2f       	mov	r22, r30
     978:	67 95       	ror	r22
     97a:	66 27       	eor	r22, r22
     97c:	67 95       	ror	r22
     97e:	90 2f       	mov	r25, r16
     980:	9f 77       	andi	r25, 0x7F	; 127
     982:	d7 94       	ror	r13
     984:	dd 24       	eor	r13, r13
     986:	d7 94       	ror	r13
     988:	8e 2f       	mov	r24, r30
     98a:	86 95       	lsr	r24
     98c:	49 2f       	mov	r20, r25
     98e:	46 2b       	or	r20, r22
     990:	58 2f       	mov	r21, r24
     992:	5d 29       	or	r21, r13
     994:	b7 01       	movw	r22, r14
     996:	ca 01       	movw	r24, r20
     998:	1f 91       	pop	r17
     99a:	0f 91       	pop	r16
     99c:	ff 90       	pop	r15
     99e:	ef 90       	pop	r14
     9a0:	df 90       	pop	r13
     9a2:	08 95       	ret

000009a4 <__unpack_f>:
     9a4:	fc 01       	movw	r30, r24
     9a6:	db 01       	movw	r26, r22
     9a8:	40 81       	ld	r20, Z
     9aa:	51 81       	ldd	r21, Z+1	; 0x01
     9ac:	22 81       	ldd	r18, Z+2	; 0x02
     9ae:	62 2f       	mov	r22, r18
     9b0:	6f 77       	andi	r22, 0x7F	; 127
     9b2:	70 e0       	ldi	r23, 0x00	; 0
     9b4:	22 1f       	adc	r18, r18
     9b6:	22 27       	eor	r18, r18
     9b8:	22 1f       	adc	r18, r18
     9ba:	93 81       	ldd	r25, Z+3	; 0x03
     9bc:	89 2f       	mov	r24, r25
     9be:	88 0f       	add	r24, r24
     9c0:	82 2b       	or	r24, r18
     9c2:	28 2f       	mov	r18, r24
     9c4:	30 e0       	ldi	r19, 0x00	; 0
     9c6:	99 1f       	adc	r25, r25
     9c8:	99 27       	eor	r25, r25
     9ca:	99 1f       	adc	r25, r25
     9cc:	11 96       	adiw	r26, 0x01	; 1
     9ce:	9c 93       	st	X, r25
     9d0:	11 97       	sbiw	r26, 0x01	; 1
     9d2:	21 15       	cp	r18, r1
     9d4:	31 05       	cpc	r19, r1
     9d6:	a9 f5       	brne	.+106    	; 0xa42 <__unpack_f+0x9e>
     9d8:	41 15       	cp	r20, r1
     9da:	51 05       	cpc	r21, r1
     9dc:	61 05       	cpc	r22, r1
     9de:	71 05       	cpc	r23, r1
     9e0:	11 f4       	brne	.+4      	; 0x9e6 <__unpack_f+0x42>
     9e2:	82 e0       	ldi	r24, 0x02	; 2
     9e4:	37 c0       	rjmp	.+110    	; 0xa54 <__unpack_f+0xb0>
     9e6:	82 e8       	ldi	r24, 0x82	; 130
     9e8:	9f ef       	ldi	r25, 0xFF	; 255
     9ea:	13 96       	adiw	r26, 0x03	; 3
     9ec:	9c 93       	st	X, r25
     9ee:	8e 93       	st	-X, r24
     9f0:	12 97       	sbiw	r26, 0x02	; 2
     9f2:	9a 01       	movw	r18, r20
     9f4:	ab 01       	movw	r20, r22
     9f6:	67 e0       	ldi	r22, 0x07	; 7
     9f8:	22 0f       	add	r18, r18
     9fa:	33 1f       	adc	r19, r19
     9fc:	44 1f       	adc	r20, r20
     9fe:	55 1f       	adc	r21, r21
     a00:	6a 95       	dec	r22
     a02:	d1 f7       	brne	.-12     	; 0x9f8 <__unpack_f+0x54>
     a04:	83 e0       	ldi	r24, 0x03	; 3
     a06:	8c 93       	st	X, r24
     a08:	0d c0       	rjmp	.+26     	; 0xa24 <__unpack_f+0x80>
     a0a:	22 0f       	add	r18, r18
     a0c:	33 1f       	adc	r19, r19
     a0e:	44 1f       	adc	r20, r20
     a10:	55 1f       	adc	r21, r21
     a12:	12 96       	adiw	r26, 0x02	; 2
     a14:	8d 91       	ld	r24, X+
     a16:	9c 91       	ld	r25, X
     a18:	13 97       	sbiw	r26, 0x03	; 3
     a1a:	01 97       	sbiw	r24, 0x01	; 1
     a1c:	13 96       	adiw	r26, 0x03	; 3
     a1e:	9c 93       	st	X, r25
     a20:	8e 93       	st	-X, r24
     a22:	12 97       	sbiw	r26, 0x02	; 2
     a24:	20 30       	cpi	r18, 0x00	; 0
     a26:	80 e0       	ldi	r24, 0x00	; 0
     a28:	38 07       	cpc	r19, r24
     a2a:	80 e0       	ldi	r24, 0x00	; 0
     a2c:	48 07       	cpc	r20, r24
     a2e:	80 e4       	ldi	r24, 0x40	; 64
     a30:	58 07       	cpc	r21, r24
     a32:	58 f3       	brcs	.-42     	; 0xa0a <__unpack_f+0x66>
     a34:	14 96       	adiw	r26, 0x04	; 4
     a36:	2d 93       	st	X+, r18
     a38:	3d 93       	st	X+, r19
     a3a:	4d 93       	st	X+, r20
     a3c:	5c 93       	st	X, r21
     a3e:	17 97       	sbiw	r26, 0x07	; 7
     a40:	08 95       	ret
     a42:	2f 3f       	cpi	r18, 0xFF	; 255
     a44:	31 05       	cpc	r19, r1
     a46:	79 f4       	brne	.+30     	; 0xa66 <__unpack_f+0xc2>
     a48:	41 15       	cp	r20, r1
     a4a:	51 05       	cpc	r21, r1
     a4c:	61 05       	cpc	r22, r1
     a4e:	71 05       	cpc	r23, r1
     a50:	19 f4       	brne	.+6      	; 0xa58 <__unpack_f+0xb4>
     a52:	84 e0       	ldi	r24, 0x04	; 4
     a54:	8c 93       	st	X, r24
     a56:	08 95       	ret
     a58:	64 ff       	sbrs	r22, 4
     a5a:	03 c0       	rjmp	.+6      	; 0xa62 <__unpack_f+0xbe>
     a5c:	81 e0       	ldi	r24, 0x01	; 1
     a5e:	8c 93       	st	X, r24
     a60:	12 c0       	rjmp	.+36     	; 0xa86 <__unpack_f+0xe2>
     a62:	1c 92       	st	X, r1
     a64:	10 c0       	rjmp	.+32     	; 0xa86 <__unpack_f+0xe2>
     a66:	2f 57       	subi	r18, 0x7F	; 127
     a68:	30 40       	sbci	r19, 0x00	; 0
     a6a:	13 96       	adiw	r26, 0x03	; 3
     a6c:	3c 93       	st	X, r19
     a6e:	2e 93       	st	-X, r18
     a70:	12 97       	sbiw	r26, 0x02	; 2
     a72:	83 e0       	ldi	r24, 0x03	; 3
     a74:	8c 93       	st	X, r24
     a76:	87 e0       	ldi	r24, 0x07	; 7
     a78:	44 0f       	add	r20, r20
     a7a:	55 1f       	adc	r21, r21
     a7c:	66 1f       	adc	r22, r22
     a7e:	77 1f       	adc	r23, r23
     a80:	8a 95       	dec	r24
     a82:	d1 f7       	brne	.-12     	; 0xa78 <__unpack_f+0xd4>
     a84:	70 64       	ori	r23, 0x40	; 64
     a86:	14 96       	adiw	r26, 0x04	; 4
     a88:	4d 93       	st	X+, r20
     a8a:	5d 93       	st	X+, r21
     a8c:	6d 93       	st	X+, r22
     a8e:	7c 93       	st	X, r23
     a90:	17 97       	sbiw	r26, 0x07	; 7
     a92:	08 95       	ret

00000a94 <__fpcmp_parts_f>:
     a94:	1f 93       	push	r17
     a96:	dc 01       	movw	r26, r24
     a98:	fb 01       	movw	r30, r22
     a9a:	9c 91       	ld	r25, X
     a9c:	92 30       	cpi	r25, 0x02	; 2
     a9e:	08 f4       	brcc	.+2      	; 0xaa2 <__fpcmp_parts_f+0xe>
     aa0:	47 c0       	rjmp	.+142    	; 0xb30 <__fpcmp_parts_f+0x9c>
     aa2:	80 81       	ld	r24, Z
     aa4:	82 30       	cpi	r24, 0x02	; 2
     aa6:	08 f4       	brcc	.+2      	; 0xaaa <__fpcmp_parts_f+0x16>
     aa8:	43 c0       	rjmp	.+134    	; 0xb30 <__fpcmp_parts_f+0x9c>
     aaa:	94 30       	cpi	r25, 0x04	; 4
     aac:	51 f4       	brne	.+20     	; 0xac2 <__fpcmp_parts_f+0x2e>
     aae:	11 96       	adiw	r26, 0x01	; 1
     ab0:	1c 91       	ld	r17, X
     ab2:	84 30       	cpi	r24, 0x04	; 4
     ab4:	99 f5       	brne	.+102    	; 0xb1c <__fpcmp_parts_f+0x88>
     ab6:	81 81       	ldd	r24, Z+1	; 0x01
     ab8:	68 2f       	mov	r22, r24
     aba:	70 e0       	ldi	r23, 0x00	; 0
     abc:	61 1b       	sub	r22, r17
     abe:	71 09       	sbc	r23, r1
     ac0:	3f c0       	rjmp	.+126    	; 0xb40 <__fpcmp_parts_f+0xac>
     ac2:	84 30       	cpi	r24, 0x04	; 4
     ac4:	21 f0       	breq	.+8      	; 0xace <__fpcmp_parts_f+0x3a>
     ac6:	92 30       	cpi	r25, 0x02	; 2
     ac8:	31 f4       	brne	.+12     	; 0xad6 <__fpcmp_parts_f+0x42>
     aca:	82 30       	cpi	r24, 0x02	; 2
     acc:	b9 f1       	breq	.+110    	; 0xb3c <__fpcmp_parts_f+0xa8>
     ace:	81 81       	ldd	r24, Z+1	; 0x01
     ad0:	88 23       	and	r24, r24
     ad2:	89 f1       	breq	.+98     	; 0xb36 <__fpcmp_parts_f+0xa2>
     ad4:	2d c0       	rjmp	.+90     	; 0xb30 <__fpcmp_parts_f+0x9c>
     ad6:	11 96       	adiw	r26, 0x01	; 1
     ad8:	1c 91       	ld	r17, X
     ada:	11 97       	sbiw	r26, 0x01	; 1
     adc:	82 30       	cpi	r24, 0x02	; 2
     ade:	f1 f0       	breq	.+60     	; 0xb1c <__fpcmp_parts_f+0x88>
     ae0:	81 81       	ldd	r24, Z+1	; 0x01
     ae2:	18 17       	cp	r17, r24
     ae4:	d9 f4       	brne	.+54     	; 0xb1c <__fpcmp_parts_f+0x88>
     ae6:	12 96       	adiw	r26, 0x02	; 2
     ae8:	2d 91       	ld	r18, X+
     aea:	3c 91       	ld	r19, X
     aec:	13 97       	sbiw	r26, 0x03	; 3
     aee:	82 81       	ldd	r24, Z+2	; 0x02
     af0:	93 81       	ldd	r25, Z+3	; 0x03
     af2:	82 17       	cp	r24, r18
     af4:	93 07       	cpc	r25, r19
     af6:	94 f0       	brlt	.+36     	; 0xb1c <__fpcmp_parts_f+0x88>
     af8:	28 17       	cp	r18, r24
     afa:	39 07       	cpc	r19, r25
     afc:	bc f0       	brlt	.+46     	; 0xb2c <__fpcmp_parts_f+0x98>
     afe:	14 96       	adiw	r26, 0x04	; 4
     b00:	8d 91       	ld	r24, X+
     b02:	9d 91       	ld	r25, X+
     b04:	0d 90       	ld	r0, X+
     b06:	bc 91       	ld	r27, X
     b08:	a0 2d       	mov	r26, r0
     b0a:	24 81       	ldd	r18, Z+4	; 0x04
     b0c:	35 81       	ldd	r19, Z+5	; 0x05
     b0e:	46 81       	ldd	r20, Z+6	; 0x06
     b10:	57 81       	ldd	r21, Z+7	; 0x07
     b12:	28 17       	cp	r18, r24
     b14:	39 07       	cpc	r19, r25
     b16:	4a 07       	cpc	r20, r26
     b18:	5b 07       	cpc	r21, r27
     b1a:	18 f4       	brcc	.+6      	; 0xb22 <__fpcmp_parts_f+0x8e>
     b1c:	11 23       	and	r17, r17
     b1e:	41 f0       	breq	.+16     	; 0xb30 <__fpcmp_parts_f+0x9c>
     b20:	0a c0       	rjmp	.+20     	; 0xb36 <__fpcmp_parts_f+0xa2>
     b22:	82 17       	cp	r24, r18
     b24:	93 07       	cpc	r25, r19
     b26:	a4 07       	cpc	r26, r20
     b28:	b5 07       	cpc	r27, r21
     b2a:	40 f4       	brcc	.+16     	; 0xb3c <__fpcmp_parts_f+0xa8>
     b2c:	11 23       	and	r17, r17
     b2e:	19 f0       	breq	.+6      	; 0xb36 <__fpcmp_parts_f+0xa2>
     b30:	61 e0       	ldi	r22, 0x01	; 1
     b32:	70 e0       	ldi	r23, 0x00	; 0
     b34:	05 c0       	rjmp	.+10     	; 0xb40 <__fpcmp_parts_f+0xac>
     b36:	6f ef       	ldi	r22, 0xFF	; 255
     b38:	7f ef       	ldi	r23, 0xFF	; 255
     b3a:	02 c0       	rjmp	.+4      	; 0xb40 <__fpcmp_parts_f+0xac>
     b3c:	60 e0       	ldi	r22, 0x00	; 0
     b3e:	70 e0       	ldi	r23, 0x00	; 0
     b40:	cb 01       	movw	r24, r22
     b42:	1f 91       	pop	r17
     b44:	08 95       	ret

00000b46 <MDIO_voidInit>:
# include "../INCLUDE/MCAL/DIO/DIO_INTERFACE.h"
# include "../INCLUDE/MCAL/DIO/DIO_PRIVATE.h"
# include "../INCLUDE/MCAL/DIO/DIO_CFG.h"

void MDIO_voidInit()
{
     b46:	df 93       	push	r29
     b48:	cf 93       	push	r28
     b4a:	cd b7       	in	r28, 0x3d	; 61
     b4c:	de b7       	in	r29, 0x3e	; 62
	DDRA_REG=CONC_BIT(PORTA_PIN7_DIRECTION,PORTA_PIN6_DIRECTION,
     b4e:	ea e3       	ldi	r30, 0x3A	; 58
     b50:	f0 e0       	ldi	r31, 0x00	; 0
     b52:	8f ef       	ldi	r24, 0xFF	; 255
     b54:	80 83       	st	Z, r24
			PORTA_PIN5_DIRECTION,PORTA_PIN4_DIRECTION,
			PORTA_PIN3_DIRECTION,PORTA_PIN2_DIRECTION,
			PORTA_PIN1_DIRECTION,PORTA_PIN0_DIRECTION
			);

	DDRB_REG=CONC_BIT(PORTB_PIN7_DIRECTION,PORTB_PIN6_DIRECTION,
     b56:	e7 e3       	ldi	r30, 0x37	; 55
     b58:	f0 e0       	ldi	r31, 0x00	; 0
     b5a:	8f e0       	ldi	r24, 0x0F	; 15
     b5c:	80 83       	st	Z, r24
				PORTB_PIN5_DIRECTION,PORTB_PIN4_DIRECTION,
				PORTB_PIN3_DIRECTION,PORTB_PIN2_DIRECTION,
				PORTB_PIN1_DIRECTION,PORTB_PIN0_DIRECTION
				);

	DDRC_REG=CONC_BIT(PORTC_PIN7_DIRECTION,PORTC_PIN6_DIRECTION,
     b5e:	e4 e3       	ldi	r30, 0x34	; 52
     b60:	f0 e0       	ldi	r31, 0x00	; 0
     b62:	8f ef       	ldi	r24, 0xFF	; 255
     b64:	80 83       	st	Z, r24
				PORTC_PIN5_DIRECTION,PORTC_PIN4_DIRECTION,
				PORTC_PIN3_DIRECTION,PORTC_PIN2_DIRECTION,
				PORTC_PIN1_DIRECTION,PORTC_PIN0_DIRECTION
				);

	DDRD_REG=CONC_BIT(PORTD_PIN7_DIRECTION,PORTD_PIN6_DIRECTION,
     b66:	e1 e3       	ldi	r30, 0x31	; 49
     b68:	f0 e0       	ldi	r31, 0x00	; 0
     b6a:	8f ef       	ldi	r24, 0xFF	; 255
     b6c:	80 83       	st	Z, r24
					PORTD_PIN3_DIRECTION,PORTD_PIN2_DIRECTION,
					PORTD_PIN1_DIRECTION,PORTD_PIN0_DIRECTION
					);


	PORTA_REG = CONC_BIT(PORTA_PIN7_VALUE,PORTA_PIN6_VALUE
     b6e:	eb e3       	ldi	r30, 0x3B	; 59
     b70:	f0 e0       	ldi	r31, 0x00	; 0
     b72:	8f ef       	ldi	r24, 0xFF	; 255
     b74:	80 83       	st	Z, r24
			,PORTA_PIN5_VALUE,PORTA_PIN4_VALUE
			,PORTA_PIN3_VALUE,PORTA_PIN2_VALUE
			,PORTA_PIN1_VALUE,PORTA_PIN0_VALUE);

	PORTB_REG = CONC_BIT(PORTB_PIN7_VALUE,PORTB_PIN6_VALUE
     b76:	e8 e3       	ldi	r30, 0x38	; 56
     b78:	f0 e0       	ldi	r31, 0x00	; 0
     b7a:	8f ef       	ldi	r24, 0xFF	; 255
     b7c:	80 83       	st	Z, r24
				,PORTB_PIN5_VALUE,PORTB_PIN4_VALUE
				,PORTB_PIN3_VALUE,PORTB_PIN2_VALUE
				,PORTB_PIN1_VALUE,PORTB_PIN0_VALUE);
	PORTC_REG = CONC_BIT(PORTC_PIN7_VALUE,PORTC_PIN6_VALUE
     b7e:	e5 e3       	ldi	r30, 0x35	; 53
     b80:	f0 e0       	ldi	r31, 0x00	; 0
     b82:	8f ef       	ldi	r24, 0xFF	; 255
     b84:	80 83       	st	Z, r24
				,PORTC_PIN5_VALUE,PORTC_PIN4_VALUE
				,PORTC_PIN3_VALUE,PORTC_PIN2_VALUE
				,PORTC_PIN1_VALUE,PORTC_PIN0_VALUE);

	PORTD_REG = CONC_BIT(PORTD_PIN7_VALUE,PORTD_PIN6_VALUE
     b86:	e2 e3       	ldi	r30, 0x32	; 50
     b88:	f0 e0       	ldi	r31, 0x00	; 0
     b8a:	8f e7       	ldi	r24, 0x7F	; 127
     b8c:	80 83       	st	Z, r24
				,PORTD_PIN5_VALUE,PORTD_PIN4_VALUE
				,PORTD_PIN3_VALUE,PORTD_PIN2_VALUE
				,PORTD_PIN1_VALUE,PORTD_PIN0_VALUE);


}
     b8e:	cf 91       	pop	r28
     b90:	df 91       	pop	r29
     b92:	08 95       	ret

00000b94 <MDIO_voidSetPinDirection>:

void MDIO_voidSetPinDirection(DIO_PORTS A_DIOPORT, DIO_PINS A_DIOPIN,
		PIN_DIRECTION A_PinDirection)
{
     b94:	df 93       	push	r29
     b96:	cf 93       	push	r28
     b98:	cd b7       	in	r28, 0x3d	; 61
     b9a:	de b7       	in	r29, 0x3e	; 62
     b9c:	2d 97       	sbiw	r28, 0x0d	; 13
     b9e:	0f b6       	in	r0, 0x3f	; 63
     ba0:	f8 94       	cli
     ba2:	de bf       	out	0x3e, r29	; 62
     ba4:	0f be       	out	0x3f, r0	; 63
     ba6:	cd bf       	out	0x3d, r28	; 61
     ba8:	89 83       	std	Y+1, r24	; 0x01
     baa:	6a 83       	std	Y+2, r22	; 0x02
     bac:	4b 83       	std	Y+3, r20	; 0x03
	if((A_DIOPORT <= PORTD) && (A_DIOPIN <= PIN7) && (A_PinDirection <= DIO_OUTPUT))
     bae:	89 81       	ldd	r24, Y+1	; 0x01
     bb0:	84 30       	cpi	r24, 0x04	; 4
     bb2:	08 f0       	brcs	.+2      	; 0xbb6 <MDIO_voidSetPinDirection+0x22>
     bb4:	08 c1       	rjmp	.+528    	; 0xdc6 <MDIO_voidSetPinDirection+0x232>
     bb6:	8a 81       	ldd	r24, Y+2	; 0x02
     bb8:	88 30       	cpi	r24, 0x08	; 8
     bba:	08 f0       	brcs	.+2      	; 0xbbe <MDIO_voidSetPinDirection+0x2a>
     bbc:	04 c1       	rjmp	.+520    	; 0xdc6 <MDIO_voidSetPinDirection+0x232>
     bbe:	8b 81       	ldd	r24, Y+3	; 0x03
     bc0:	82 30       	cpi	r24, 0x02	; 2
     bc2:	08 f0       	brcs	.+2      	; 0xbc6 <MDIO_voidSetPinDirection+0x32>
     bc4:	00 c1       	rjmp	.+512    	; 0xdc6 <MDIO_voidSetPinDirection+0x232>
	{
		switch(A_DIOPORT)
     bc6:	89 81       	ldd	r24, Y+1	; 0x01
     bc8:	28 2f       	mov	r18, r24
     bca:	30 e0       	ldi	r19, 0x00	; 0
     bcc:	3d 87       	std	Y+13, r19	; 0x0d
     bce:	2c 87       	std	Y+12, r18	; 0x0c
     bd0:	8c 85       	ldd	r24, Y+12	; 0x0c
     bd2:	9d 85       	ldd	r25, Y+13	; 0x0d
     bd4:	81 30       	cpi	r24, 0x01	; 1
     bd6:	91 05       	cpc	r25, r1
     bd8:	09 f4       	brne	.+2      	; 0xbdc <MDIO_voidSetPinDirection+0x48>
     bda:	4f c0       	rjmp	.+158    	; 0xc7a <MDIO_voidSetPinDirection+0xe6>
     bdc:	2c 85       	ldd	r18, Y+12	; 0x0c
     bde:	3d 85       	ldd	r19, Y+13	; 0x0d
     be0:	22 30       	cpi	r18, 0x02	; 2
     be2:	31 05       	cpc	r19, r1
     be4:	2c f4       	brge	.+10     	; 0xbf0 <MDIO_voidSetPinDirection+0x5c>
     be6:	8c 85       	ldd	r24, Y+12	; 0x0c
     be8:	9d 85       	ldd	r25, Y+13	; 0x0d
     bea:	00 97       	sbiw	r24, 0x00	; 0
     bec:	71 f0       	breq	.+28     	; 0xc0a <MDIO_voidSetPinDirection+0x76>
     bee:	eb c0       	rjmp	.+470    	; 0xdc6 <MDIO_voidSetPinDirection+0x232>
     bf0:	2c 85       	ldd	r18, Y+12	; 0x0c
     bf2:	3d 85       	ldd	r19, Y+13	; 0x0d
     bf4:	22 30       	cpi	r18, 0x02	; 2
     bf6:	31 05       	cpc	r19, r1
     bf8:	09 f4       	brne	.+2      	; 0xbfc <MDIO_voidSetPinDirection+0x68>
     bfa:	77 c0       	rjmp	.+238    	; 0xcea <MDIO_voidSetPinDirection+0x156>
     bfc:	8c 85       	ldd	r24, Y+12	; 0x0c
     bfe:	9d 85       	ldd	r25, Y+13	; 0x0d
     c00:	83 30       	cpi	r24, 0x03	; 3
     c02:	91 05       	cpc	r25, r1
     c04:	09 f4       	brne	.+2      	; 0xc08 <MDIO_voidSetPinDirection+0x74>
     c06:	a9 c0       	rjmp	.+338    	; 0xd5a <MDIO_voidSetPinDirection+0x1c6>
     c08:	de c0       	rjmp	.+444    	; 0xdc6 <MDIO_voidSetPinDirection+0x232>
		{
		case PORTA:
			switch(A_PinDirection){
     c0a:	8b 81       	ldd	r24, Y+3	; 0x03
     c0c:	28 2f       	mov	r18, r24
     c0e:	30 e0       	ldi	r19, 0x00	; 0
     c10:	3b 87       	std	Y+11, r19	; 0x0b
     c12:	2a 87       	std	Y+10, r18	; 0x0a
     c14:	8a 85       	ldd	r24, Y+10	; 0x0a
     c16:	9b 85       	ldd	r25, Y+11	; 0x0b
     c18:	00 97       	sbiw	r24, 0x00	; 0
     c1a:	d1 f0       	breq	.+52     	; 0xc50 <MDIO_voidSetPinDirection+0xbc>
     c1c:	2a 85       	ldd	r18, Y+10	; 0x0a
     c1e:	3b 85       	ldd	r19, Y+11	; 0x0b
     c20:	21 30       	cpi	r18, 0x01	; 1
     c22:	31 05       	cpc	r19, r1
     c24:	09 f0       	breq	.+2      	; 0xc28 <MDIO_voidSetPinDirection+0x94>
     c26:	cf c0       	rjmp	.+414    	; 0xdc6 <MDIO_voidSetPinDirection+0x232>
			case DIO_OUTPUT:
				SET_BIT(DDRA_REG,A_DIOPIN);
     c28:	aa e3       	ldi	r26, 0x3A	; 58
     c2a:	b0 e0       	ldi	r27, 0x00	; 0
     c2c:	ea e3       	ldi	r30, 0x3A	; 58
     c2e:	f0 e0       	ldi	r31, 0x00	; 0
     c30:	80 81       	ld	r24, Z
     c32:	48 2f       	mov	r20, r24
     c34:	8a 81       	ldd	r24, Y+2	; 0x02
     c36:	28 2f       	mov	r18, r24
     c38:	30 e0       	ldi	r19, 0x00	; 0
     c3a:	81 e0       	ldi	r24, 0x01	; 1
     c3c:	90 e0       	ldi	r25, 0x00	; 0
     c3e:	02 2e       	mov	r0, r18
     c40:	02 c0       	rjmp	.+4      	; 0xc46 <MDIO_voidSetPinDirection+0xb2>
     c42:	88 0f       	add	r24, r24
     c44:	99 1f       	adc	r25, r25
     c46:	0a 94       	dec	r0
     c48:	e2 f7       	brpl	.-8      	; 0xc42 <MDIO_voidSetPinDirection+0xae>
     c4a:	84 2b       	or	r24, r20
     c4c:	8c 93       	st	X, r24
     c4e:	bb c0       	rjmp	.+374    	; 0xdc6 <MDIO_voidSetPinDirection+0x232>
				break;

			case DIO_INPUT:
				CLR_BIT(DDRA_REG,A_DIOPIN);
     c50:	aa e3       	ldi	r26, 0x3A	; 58
     c52:	b0 e0       	ldi	r27, 0x00	; 0
     c54:	ea e3       	ldi	r30, 0x3A	; 58
     c56:	f0 e0       	ldi	r31, 0x00	; 0
     c58:	80 81       	ld	r24, Z
     c5a:	48 2f       	mov	r20, r24
     c5c:	8a 81       	ldd	r24, Y+2	; 0x02
     c5e:	28 2f       	mov	r18, r24
     c60:	30 e0       	ldi	r19, 0x00	; 0
     c62:	81 e0       	ldi	r24, 0x01	; 1
     c64:	90 e0       	ldi	r25, 0x00	; 0
     c66:	02 2e       	mov	r0, r18
     c68:	02 c0       	rjmp	.+4      	; 0xc6e <MDIO_voidSetPinDirection+0xda>
     c6a:	88 0f       	add	r24, r24
     c6c:	99 1f       	adc	r25, r25
     c6e:	0a 94       	dec	r0
     c70:	e2 f7       	brpl	.-8      	; 0xc6a <MDIO_voidSetPinDirection+0xd6>
     c72:	80 95       	com	r24
     c74:	84 23       	and	r24, r20
     c76:	8c 93       	st	X, r24
     c78:	a6 c0       	rjmp	.+332    	; 0xdc6 <MDIO_voidSetPinDirection+0x232>
				break;
			}
			break;

		case PORTB:
			switch(A_PinDirection){
     c7a:	8b 81       	ldd	r24, Y+3	; 0x03
     c7c:	28 2f       	mov	r18, r24
     c7e:	30 e0       	ldi	r19, 0x00	; 0
     c80:	39 87       	std	Y+9, r19	; 0x09
     c82:	28 87       	std	Y+8, r18	; 0x08
     c84:	88 85       	ldd	r24, Y+8	; 0x08
     c86:	99 85       	ldd	r25, Y+9	; 0x09
     c88:	00 97       	sbiw	r24, 0x00	; 0
     c8a:	d1 f0       	breq	.+52     	; 0xcc0 <MDIO_voidSetPinDirection+0x12c>
     c8c:	28 85       	ldd	r18, Y+8	; 0x08
     c8e:	39 85       	ldd	r19, Y+9	; 0x09
     c90:	21 30       	cpi	r18, 0x01	; 1
     c92:	31 05       	cpc	r19, r1
     c94:	09 f0       	breq	.+2      	; 0xc98 <MDIO_voidSetPinDirection+0x104>
     c96:	97 c0       	rjmp	.+302    	; 0xdc6 <MDIO_voidSetPinDirection+0x232>
						case DIO_OUTPUT:
							SET_BIT(DDRB_REG,A_DIOPIN);
     c98:	a7 e3       	ldi	r26, 0x37	; 55
     c9a:	b0 e0       	ldi	r27, 0x00	; 0
     c9c:	e7 e3       	ldi	r30, 0x37	; 55
     c9e:	f0 e0       	ldi	r31, 0x00	; 0
     ca0:	80 81       	ld	r24, Z
     ca2:	48 2f       	mov	r20, r24
     ca4:	8a 81       	ldd	r24, Y+2	; 0x02
     ca6:	28 2f       	mov	r18, r24
     ca8:	30 e0       	ldi	r19, 0x00	; 0
     caa:	81 e0       	ldi	r24, 0x01	; 1
     cac:	90 e0       	ldi	r25, 0x00	; 0
     cae:	02 2e       	mov	r0, r18
     cb0:	02 c0       	rjmp	.+4      	; 0xcb6 <MDIO_voidSetPinDirection+0x122>
     cb2:	88 0f       	add	r24, r24
     cb4:	99 1f       	adc	r25, r25
     cb6:	0a 94       	dec	r0
     cb8:	e2 f7       	brpl	.-8      	; 0xcb2 <MDIO_voidSetPinDirection+0x11e>
     cba:	84 2b       	or	r24, r20
     cbc:	8c 93       	st	X, r24
     cbe:	83 c0       	rjmp	.+262    	; 0xdc6 <MDIO_voidSetPinDirection+0x232>
							break;

						case DIO_INPUT:
							CLR_BIT(DDRB_REG,A_DIOPIN);
     cc0:	a7 e3       	ldi	r26, 0x37	; 55
     cc2:	b0 e0       	ldi	r27, 0x00	; 0
     cc4:	e7 e3       	ldi	r30, 0x37	; 55
     cc6:	f0 e0       	ldi	r31, 0x00	; 0
     cc8:	80 81       	ld	r24, Z
     cca:	48 2f       	mov	r20, r24
     ccc:	8a 81       	ldd	r24, Y+2	; 0x02
     cce:	28 2f       	mov	r18, r24
     cd0:	30 e0       	ldi	r19, 0x00	; 0
     cd2:	81 e0       	ldi	r24, 0x01	; 1
     cd4:	90 e0       	ldi	r25, 0x00	; 0
     cd6:	02 2e       	mov	r0, r18
     cd8:	02 c0       	rjmp	.+4      	; 0xcde <MDIO_voidSetPinDirection+0x14a>
     cda:	88 0f       	add	r24, r24
     cdc:	99 1f       	adc	r25, r25
     cde:	0a 94       	dec	r0
     ce0:	e2 f7       	brpl	.-8      	; 0xcda <MDIO_voidSetPinDirection+0x146>
     ce2:	80 95       	com	r24
     ce4:	84 23       	and	r24, r20
     ce6:	8c 93       	st	X, r24
     ce8:	6e c0       	rjmp	.+220    	; 0xdc6 <MDIO_voidSetPinDirection+0x232>
							break;
						}
			break;

		case PORTC:
			switch(A_PinDirection){
     cea:	8b 81       	ldd	r24, Y+3	; 0x03
     cec:	28 2f       	mov	r18, r24
     cee:	30 e0       	ldi	r19, 0x00	; 0
     cf0:	3f 83       	std	Y+7, r19	; 0x07
     cf2:	2e 83       	std	Y+6, r18	; 0x06
     cf4:	8e 81       	ldd	r24, Y+6	; 0x06
     cf6:	9f 81       	ldd	r25, Y+7	; 0x07
     cf8:	00 97       	sbiw	r24, 0x00	; 0
     cfa:	d1 f0       	breq	.+52     	; 0xd30 <MDIO_voidSetPinDirection+0x19c>
     cfc:	2e 81       	ldd	r18, Y+6	; 0x06
     cfe:	3f 81       	ldd	r19, Y+7	; 0x07
     d00:	21 30       	cpi	r18, 0x01	; 1
     d02:	31 05       	cpc	r19, r1
     d04:	09 f0       	breq	.+2      	; 0xd08 <MDIO_voidSetPinDirection+0x174>
     d06:	5f c0       	rjmp	.+190    	; 0xdc6 <MDIO_voidSetPinDirection+0x232>
						case DIO_OUTPUT:
							SET_BIT(DDRC_REG,A_DIOPIN);
     d08:	a4 e3       	ldi	r26, 0x34	; 52
     d0a:	b0 e0       	ldi	r27, 0x00	; 0
     d0c:	e4 e3       	ldi	r30, 0x34	; 52
     d0e:	f0 e0       	ldi	r31, 0x00	; 0
     d10:	80 81       	ld	r24, Z
     d12:	48 2f       	mov	r20, r24
     d14:	8a 81       	ldd	r24, Y+2	; 0x02
     d16:	28 2f       	mov	r18, r24
     d18:	30 e0       	ldi	r19, 0x00	; 0
     d1a:	81 e0       	ldi	r24, 0x01	; 1
     d1c:	90 e0       	ldi	r25, 0x00	; 0
     d1e:	02 2e       	mov	r0, r18
     d20:	02 c0       	rjmp	.+4      	; 0xd26 <MDIO_voidSetPinDirection+0x192>
     d22:	88 0f       	add	r24, r24
     d24:	99 1f       	adc	r25, r25
     d26:	0a 94       	dec	r0
     d28:	e2 f7       	brpl	.-8      	; 0xd22 <MDIO_voidSetPinDirection+0x18e>
     d2a:	84 2b       	or	r24, r20
     d2c:	8c 93       	st	X, r24
     d2e:	4b c0       	rjmp	.+150    	; 0xdc6 <MDIO_voidSetPinDirection+0x232>
							break;

						case DIO_INPUT:
							CLR_BIT(DDRC_REG,A_DIOPIN);
     d30:	a4 e3       	ldi	r26, 0x34	; 52
     d32:	b0 e0       	ldi	r27, 0x00	; 0
     d34:	e4 e3       	ldi	r30, 0x34	; 52
     d36:	f0 e0       	ldi	r31, 0x00	; 0
     d38:	80 81       	ld	r24, Z
     d3a:	48 2f       	mov	r20, r24
     d3c:	8a 81       	ldd	r24, Y+2	; 0x02
     d3e:	28 2f       	mov	r18, r24
     d40:	30 e0       	ldi	r19, 0x00	; 0
     d42:	81 e0       	ldi	r24, 0x01	; 1
     d44:	90 e0       	ldi	r25, 0x00	; 0
     d46:	02 2e       	mov	r0, r18
     d48:	02 c0       	rjmp	.+4      	; 0xd4e <MDIO_voidSetPinDirection+0x1ba>
     d4a:	88 0f       	add	r24, r24
     d4c:	99 1f       	adc	r25, r25
     d4e:	0a 94       	dec	r0
     d50:	e2 f7       	brpl	.-8      	; 0xd4a <MDIO_voidSetPinDirection+0x1b6>
     d52:	80 95       	com	r24
     d54:	84 23       	and	r24, r20
     d56:	8c 93       	st	X, r24
     d58:	36 c0       	rjmp	.+108    	; 0xdc6 <MDIO_voidSetPinDirection+0x232>
							break;
						}
			break;

		case PORTD:
			switch(A_PinDirection){
     d5a:	8b 81       	ldd	r24, Y+3	; 0x03
     d5c:	28 2f       	mov	r18, r24
     d5e:	30 e0       	ldi	r19, 0x00	; 0
     d60:	3d 83       	std	Y+5, r19	; 0x05
     d62:	2c 83       	std	Y+4, r18	; 0x04
     d64:	8c 81       	ldd	r24, Y+4	; 0x04
     d66:	9d 81       	ldd	r25, Y+5	; 0x05
     d68:	00 97       	sbiw	r24, 0x00	; 0
     d6a:	c9 f0       	breq	.+50     	; 0xd9e <MDIO_voidSetPinDirection+0x20a>
     d6c:	2c 81       	ldd	r18, Y+4	; 0x04
     d6e:	3d 81       	ldd	r19, Y+5	; 0x05
     d70:	21 30       	cpi	r18, 0x01	; 1
     d72:	31 05       	cpc	r19, r1
     d74:	41 f5       	brne	.+80     	; 0xdc6 <MDIO_voidSetPinDirection+0x232>
						case DIO_OUTPUT:
							SET_BIT(DDRD_REG,A_DIOPIN);
     d76:	a1 e3       	ldi	r26, 0x31	; 49
     d78:	b0 e0       	ldi	r27, 0x00	; 0
     d7a:	e1 e3       	ldi	r30, 0x31	; 49
     d7c:	f0 e0       	ldi	r31, 0x00	; 0
     d7e:	80 81       	ld	r24, Z
     d80:	48 2f       	mov	r20, r24
     d82:	8a 81       	ldd	r24, Y+2	; 0x02
     d84:	28 2f       	mov	r18, r24
     d86:	30 e0       	ldi	r19, 0x00	; 0
     d88:	81 e0       	ldi	r24, 0x01	; 1
     d8a:	90 e0       	ldi	r25, 0x00	; 0
     d8c:	02 2e       	mov	r0, r18
     d8e:	02 c0       	rjmp	.+4      	; 0xd94 <MDIO_voidSetPinDirection+0x200>
     d90:	88 0f       	add	r24, r24
     d92:	99 1f       	adc	r25, r25
     d94:	0a 94       	dec	r0
     d96:	e2 f7       	brpl	.-8      	; 0xd90 <MDIO_voidSetPinDirection+0x1fc>
     d98:	84 2b       	or	r24, r20
     d9a:	8c 93       	st	X, r24
     d9c:	14 c0       	rjmp	.+40     	; 0xdc6 <MDIO_voidSetPinDirection+0x232>
							break;

						case DIO_INPUT:
							CLR_BIT(DDRD_REG,A_DIOPIN);
     d9e:	a1 e3       	ldi	r26, 0x31	; 49
     da0:	b0 e0       	ldi	r27, 0x00	; 0
     da2:	e1 e3       	ldi	r30, 0x31	; 49
     da4:	f0 e0       	ldi	r31, 0x00	; 0
     da6:	80 81       	ld	r24, Z
     da8:	48 2f       	mov	r20, r24
     daa:	8a 81       	ldd	r24, Y+2	; 0x02
     dac:	28 2f       	mov	r18, r24
     dae:	30 e0       	ldi	r19, 0x00	; 0
     db0:	81 e0       	ldi	r24, 0x01	; 1
     db2:	90 e0       	ldi	r25, 0x00	; 0
     db4:	02 2e       	mov	r0, r18
     db6:	02 c0       	rjmp	.+4      	; 0xdbc <MDIO_voidSetPinDirection+0x228>
     db8:	88 0f       	add	r24, r24
     dba:	99 1f       	adc	r25, r25
     dbc:	0a 94       	dec	r0
     dbe:	e2 f7       	brpl	.-8      	; 0xdb8 <MDIO_voidSetPinDirection+0x224>
     dc0:	80 95       	com	r24
     dc2:	84 23       	and	r24, r20
     dc4:	8c 93       	st	X, r24
			break;
		default:
			 break;
		}
	}
}
     dc6:	2d 96       	adiw	r28, 0x0d	; 13
     dc8:	0f b6       	in	r0, 0x3f	; 63
     dca:	f8 94       	cli
     dcc:	de bf       	out	0x3e, r29	; 62
     dce:	0f be       	out	0x3f, r0	; 63
     dd0:	cd bf       	out	0x3d, r28	; 61
     dd2:	cf 91       	pop	r28
     dd4:	df 91       	pop	r29
     dd6:	08 95       	ret

00000dd8 <MDIO_voidSetPinValue>:

void MDIO_voidSetPinValue(DIO_PORTS A_DIOPORT, DIO_PINS A_DIOPIN,
		PIN_STATUS A_PinValue)
{
     dd8:	df 93       	push	r29
     dda:	cf 93       	push	r28
     ddc:	cd b7       	in	r28, 0x3d	; 61
     dde:	de b7       	in	r29, 0x3e	; 62
     de0:	2d 97       	sbiw	r28, 0x0d	; 13
     de2:	0f b6       	in	r0, 0x3f	; 63
     de4:	f8 94       	cli
     de6:	de bf       	out	0x3e, r29	; 62
     de8:	0f be       	out	0x3f, r0	; 63
     dea:	cd bf       	out	0x3d, r28	; 61
     dec:	89 83       	std	Y+1, r24	; 0x01
     dee:	6a 83       	std	Y+2, r22	; 0x02
     df0:	4b 83       	std	Y+3, r20	; 0x03
	if((A_DIOPORT <= PORTD) && (A_DIOPIN <= PIN7) && (A_PinValue <= DIO_HIGH))
     df2:	89 81       	ldd	r24, Y+1	; 0x01
     df4:	84 30       	cpi	r24, 0x04	; 4
     df6:	08 f0       	brcs	.+2      	; 0xdfa <MDIO_voidSetPinValue+0x22>
     df8:	08 c1       	rjmp	.+528    	; 0x100a <MDIO_voidSetPinValue+0x232>
     dfa:	8a 81       	ldd	r24, Y+2	; 0x02
     dfc:	88 30       	cpi	r24, 0x08	; 8
     dfe:	08 f0       	brcs	.+2      	; 0xe02 <MDIO_voidSetPinValue+0x2a>
     e00:	04 c1       	rjmp	.+520    	; 0x100a <MDIO_voidSetPinValue+0x232>
     e02:	8b 81       	ldd	r24, Y+3	; 0x03
     e04:	82 30       	cpi	r24, 0x02	; 2
     e06:	08 f0       	brcs	.+2      	; 0xe0a <MDIO_voidSetPinValue+0x32>
     e08:	00 c1       	rjmp	.+512    	; 0x100a <MDIO_voidSetPinValue+0x232>
	{
		switch(A_DIOPORT)
     e0a:	89 81       	ldd	r24, Y+1	; 0x01
     e0c:	28 2f       	mov	r18, r24
     e0e:	30 e0       	ldi	r19, 0x00	; 0
     e10:	3d 87       	std	Y+13, r19	; 0x0d
     e12:	2c 87       	std	Y+12, r18	; 0x0c
     e14:	8c 85       	ldd	r24, Y+12	; 0x0c
     e16:	9d 85       	ldd	r25, Y+13	; 0x0d
     e18:	81 30       	cpi	r24, 0x01	; 1
     e1a:	91 05       	cpc	r25, r1
     e1c:	09 f4       	brne	.+2      	; 0xe20 <MDIO_voidSetPinValue+0x48>
     e1e:	4f c0       	rjmp	.+158    	; 0xebe <MDIO_voidSetPinValue+0xe6>
     e20:	2c 85       	ldd	r18, Y+12	; 0x0c
     e22:	3d 85       	ldd	r19, Y+13	; 0x0d
     e24:	22 30       	cpi	r18, 0x02	; 2
     e26:	31 05       	cpc	r19, r1
     e28:	2c f4       	brge	.+10     	; 0xe34 <MDIO_voidSetPinValue+0x5c>
     e2a:	8c 85       	ldd	r24, Y+12	; 0x0c
     e2c:	9d 85       	ldd	r25, Y+13	; 0x0d
     e2e:	00 97       	sbiw	r24, 0x00	; 0
     e30:	71 f0       	breq	.+28     	; 0xe4e <MDIO_voidSetPinValue+0x76>
     e32:	eb c0       	rjmp	.+470    	; 0x100a <MDIO_voidSetPinValue+0x232>
     e34:	2c 85       	ldd	r18, Y+12	; 0x0c
     e36:	3d 85       	ldd	r19, Y+13	; 0x0d
     e38:	22 30       	cpi	r18, 0x02	; 2
     e3a:	31 05       	cpc	r19, r1
     e3c:	09 f4       	brne	.+2      	; 0xe40 <MDIO_voidSetPinValue+0x68>
     e3e:	77 c0       	rjmp	.+238    	; 0xf2e <MDIO_voidSetPinValue+0x156>
     e40:	8c 85       	ldd	r24, Y+12	; 0x0c
     e42:	9d 85       	ldd	r25, Y+13	; 0x0d
     e44:	83 30       	cpi	r24, 0x03	; 3
     e46:	91 05       	cpc	r25, r1
     e48:	09 f4       	brne	.+2      	; 0xe4c <MDIO_voidSetPinValue+0x74>
     e4a:	a9 c0       	rjmp	.+338    	; 0xf9e <MDIO_voidSetPinValue+0x1c6>
     e4c:	de c0       	rjmp	.+444    	; 0x100a <MDIO_voidSetPinValue+0x232>
		{
		case PORTA:
			switch(A_PinValue){
     e4e:	8b 81       	ldd	r24, Y+3	; 0x03
     e50:	28 2f       	mov	r18, r24
     e52:	30 e0       	ldi	r19, 0x00	; 0
     e54:	3b 87       	std	Y+11, r19	; 0x0b
     e56:	2a 87       	std	Y+10, r18	; 0x0a
     e58:	8a 85       	ldd	r24, Y+10	; 0x0a
     e5a:	9b 85       	ldd	r25, Y+11	; 0x0b
     e5c:	00 97       	sbiw	r24, 0x00	; 0
     e5e:	d1 f0       	breq	.+52     	; 0xe94 <MDIO_voidSetPinValue+0xbc>
     e60:	2a 85       	ldd	r18, Y+10	; 0x0a
     e62:	3b 85       	ldd	r19, Y+11	; 0x0b
     e64:	21 30       	cpi	r18, 0x01	; 1
     e66:	31 05       	cpc	r19, r1
     e68:	09 f0       	breq	.+2      	; 0xe6c <MDIO_voidSetPinValue+0x94>
     e6a:	cf c0       	rjmp	.+414    	; 0x100a <MDIO_voidSetPinValue+0x232>
			case DIO_HIGH:
				SET_BIT(PORTA_REG,A_DIOPIN);
     e6c:	ab e3       	ldi	r26, 0x3B	; 59
     e6e:	b0 e0       	ldi	r27, 0x00	; 0
     e70:	eb e3       	ldi	r30, 0x3B	; 59
     e72:	f0 e0       	ldi	r31, 0x00	; 0
     e74:	80 81       	ld	r24, Z
     e76:	48 2f       	mov	r20, r24
     e78:	8a 81       	ldd	r24, Y+2	; 0x02
     e7a:	28 2f       	mov	r18, r24
     e7c:	30 e0       	ldi	r19, 0x00	; 0
     e7e:	81 e0       	ldi	r24, 0x01	; 1
     e80:	90 e0       	ldi	r25, 0x00	; 0
     e82:	02 2e       	mov	r0, r18
     e84:	02 c0       	rjmp	.+4      	; 0xe8a <MDIO_voidSetPinValue+0xb2>
     e86:	88 0f       	add	r24, r24
     e88:	99 1f       	adc	r25, r25
     e8a:	0a 94       	dec	r0
     e8c:	e2 f7       	brpl	.-8      	; 0xe86 <MDIO_voidSetPinValue+0xae>
     e8e:	84 2b       	or	r24, r20
     e90:	8c 93       	st	X, r24
     e92:	bb c0       	rjmp	.+374    	; 0x100a <MDIO_voidSetPinValue+0x232>
				break;

			case DIO_LOW:
				CLR_BIT(PORTA_REG,A_DIOPIN);
     e94:	ab e3       	ldi	r26, 0x3B	; 59
     e96:	b0 e0       	ldi	r27, 0x00	; 0
     e98:	eb e3       	ldi	r30, 0x3B	; 59
     e9a:	f0 e0       	ldi	r31, 0x00	; 0
     e9c:	80 81       	ld	r24, Z
     e9e:	48 2f       	mov	r20, r24
     ea0:	8a 81       	ldd	r24, Y+2	; 0x02
     ea2:	28 2f       	mov	r18, r24
     ea4:	30 e0       	ldi	r19, 0x00	; 0
     ea6:	81 e0       	ldi	r24, 0x01	; 1
     ea8:	90 e0       	ldi	r25, 0x00	; 0
     eaa:	02 2e       	mov	r0, r18
     eac:	02 c0       	rjmp	.+4      	; 0xeb2 <MDIO_voidSetPinValue+0xda>
     eae:	88 0f       	add	r24, r24
     eb0:	99 1f       	adc	r25, r25
     eb2:	0a 94       	dec	r0
     eb4:	e2 f7       	brpl	.-8      	; 0xeae <MDIO_voidSetPinValue+0xd6>
     eb6:	80 95       	com	r24
     eb8:	84 23       	and	r24, r20
     eba:	8c 93       	st	X, r24
     ebc:	a6 c0       	rjmp	.+332    	; 0x100a <MDIO_voidSetPinValue+0x232>
				break;
			}
			break;

		case PORTB:
			switch(A_PinValue){
     ebe:	8b 81       	ldd	r24, Y+3	; 0x03
     ec0:	28 2f       	mov	r18, r24
     ec2:	30 e0       	ldi	r19, 0x00	; 0
     ec4:	39 87       	std	Y+9, r19	; 0x09
     ec6:	28 87       	std	Y+8, r18	; 0x08
     ec8:	88 85       	ldd	r24, Y+8	; 0x08
     eca:	99 85       	ldd	r25, Y+9	; 0x09
     ecc:	00 97       	sbiw	r24, 0x00	; 0
     ece:	d1 f0       	breq	.+52     	; 0xf04 <MDIO_voidSetPinValue+0x12c>
     ed0:	28 85       	ldd	r18, Y+8	; 0x08
     ed2:	39 85       	ldd	r19, Y+9	; 0x09
     ed4:	21 30       	cpi	r18, 0x01	; 1
     ed6:	31 05       	cpc	r19, r1
     ed8:	09 f0       	breq	.+2      	; 0xedc <MDIO_voidSetPinValue+0x104>
     eda:	97 c0       	rjmp	.+302    	; 0x100a <MDIO_voidSetPinValue+0x232>
						case DIO_HIGH:
							SET_BIT(PORTB_REG,A_DIOPIN);
     edc:	a8 e3       	ldi	r26, 0x38	; 56
     ede:	b0 e0       	ldi	r27, 0x00	; 0
     ee0:	e8 e3       	ldi	r30, 0x38	; 56
     ee2:	f0 e0       	ldi	r31, 0x00	; 0
     ee4:	80 81       	ld	r24, Z
     ee6:	48 2f       	mov	r20, r24
     ee8:	8a 81       	ldd	r24, Y+2	; 0x02
     eea:	28 2f       	mov	r18, r24
     eec:	30 e0       	ldi	r19, 0x00	; 0
     eee:	81 e0       	ldi	r24, 0x01	; 1
     ef0:	90 e0       	ldi	r25, 0x00	; 0
     ef2:	02 2e       	mov	r0, r18
     ef4:	02 c0       	rjmp	.+4      	; 0xefa <MDIO_voidSetPinValue+0x122>
     ef6:	88 0f       	add	r24, r24
     ef8:	99 1f       	adc	r25, r25
     efa:	0a 94       	dec	r0
     efc:	e2 f7       	brpl	.-8      	; 0xef6 <MDIO_voidSetPinValue+0x11e>
     efe:	84 2b       	or	r24, r20
     f00:	8c 93       	st	X, r24
     f02:	83 c0       	rjmp	.+262    	; 0x100a <MDIO_voidSetPinValue+0x232>
							break;

						case DIO_LOW:
							CLR_BIT(PORTB_REG,A_DIOPIN);
     f04:	a8 e3       	ldi	r26, 0x38	; 56
     f06:	b0 e0       	ldi	r27, 0x00	; 0
     f08:	e8 e3       	ldi	r30, 0x38	; 56
     f0a:	f0 e0       	ldi	r31, 0x00	; 0
     f0c:	80 81       	ld	r24, Z
     f0e:	48 2f       	mov	r20, r24
     f10:	8a 81       	ldd	r24, Y+2	; 0x02
     f12:	28 2f       	mov	r18, r24
     f14:	30 e0       	ldi	r19, 0x00	; 0
     f16:	81 e0       	ldi	r24, 0x01	; 1
     f18:	90 e0       	ldi	r25, 0x00	; 0
     f1a:	02 2e       	mov	r0, r18
     f1c:	02 c0       	rjmp	.+4      	; 0xf22 <MDIO_voidSetPinValue+0x14a>
     f1e:	88 0f       	add	r24, r24
     f20:	99 1f       	adc	r25, r25
     f22:	0a 94       	dec	r0
     f24:	e2 f7       	brpl	.-8      	; 0xf1e <MDIO_voidSetPinValue+0x146>
     f26:	80 95       	com	r24
     f28:	84 23       	and	r24, r20
     f2a:	8c 93       	st	X, r24
     f2c:	6e c0       	rjmp	.+220    	; 0x100a <MDIO_voidSetPinValue+0x232>
							break;
						}
			break;

		case PORTC:
			switch(A_PinValue){
     f2e:	8b 81       	ldd	r24, Y+3	; 0x03
     f30:	28 2f       	mov	r18, r24
     f32:	30 e0       	ldi	r19, 0x00	; 0
     f34:	3f 83       	std	Y+7, r19	; 0x07
     f36:	2e 83       	std	Y+6, r18	; 0x06
     f38:	8e 81       	ldd	r24, Y+6	; 0x06
     f3a:	9f 81       	ldd	r25, Y+7	; 0x07
     f3c:	00 97       	sbiw	r24, 0x00	; 0
     f3e:	d1 f0       	breq	.+52     	; 0xf74 <MDIO_voidSetPinValue+0x19c>
     f40:	2e 81       	ldd	r18, Y+6	; 0x06
     f42:	3f 81       	ldd	r19, Y+7	; 0x07
     f44:	21 30       	cpi	r18, 0x01	; 1
     f46:	31 05       	cpc	r19, r1
     f48:	09 f0       	breq	.+2      	; 0xf4c <MDIO_voidSetPinValue+0x174>
     f4a:	5f c0       	rjmp	.+190    	; 0x100a <MDIO_voidSetPinValue+0x232>
						case DIO_HIGH:
							SET_BIT(PORTC_REG,A_DIOPIN);
     f4c:	a5 e3       	ldi	r26, 0x35	; 53
     f4e:	b0 e0       	ldi	r27, 0x00	; 0
     f50:	e5 e3       	ldi	r30, 0x35	; 53
     f52:	f0 e0       	ldi	r31, 0x00	; 0
     f54:	80 81       	ld	r24, Z
     f56:	48 2f       	mov	r20, r24
     f58:	8a 81       	ldd	r24, Y+2	; 0x02
     f5a:	28 2f       	mov	r18, r24
     f5c:	30 e0       	ldi	r19, 0x00	; 0
     f5e:	81 e0       	ldi	r24, 0x01	; 1
     f60:	90 e0       	ldi	r25, 0x00	; 0
     f62:	02 2e       	mov	r0, r18
     f64:	02 c0       	rjmp	.+4      	; 0xf6a <MDIO_voidSetPinValue+0x192>
     f66:	88 0f       	add	r24, r24
     f68:	99 1f       	adc	r25, r25
     f6a:	0a 94       	dec	r0
     f6c:	e2 f7       	brpl	.-8      	; 0xf66 <MDIO_voidSetPinValue+0x18e>
     f6e:	84 2b       	or	r24, r20
     f70:	8c 93       	st	X, r24
     f72:	4b c0       	rjmp	.+150    	; 0x100a <MDIO_voidSetPinValue+0x232>
							break;

						case DIO_LOW:
							CLR_BIT(PORTC_REG,A_DIOPIN);
     f74:	a5 e3       	ldi	r26, 0x35	; 53
     f76:	b0 e0       	ldi	r27, 0x00	; 0
     f78:	e5 e3       	ldi	r30, 0x35	; 53
     f7a:	f0 e0       	ldi	r31, 0x00	; 0
     f7c:	80 81       	ld	r24, Z
     f7e:	48 2f       	mov	r20, r24
     f80:	8a 81       	ldd	r24, Y+2	; 0x02
     f82:	28 2f       	mov	r18, r24
     f84:	30 e0       	ldi	r19, 0x00	; 0
     f86:	81 e0       	ldi	r24, 0x01	; 1
     f88:	90 e0       	ldi	r25, 0x00	; 0
     f8a:	02 2e       	mov	r0, r18
     f8c:	02 c0       	rjmp	.+4      	; 0xf92 <MDIO_voidSetPinValue+0x1ba>
     f8e:	88 0f       	add	r24, r24
     f90:	99 1f       	adc	r25, r25
     f92:	0a 94       	dec	r0
     f94:	e2 f7       	brpl	.-8      	; 0xf8e <MDIO_voidSetPinValue+0x1b6>
     f96:	80 95       	com	r24
     f98:	84 23       	and	r24, r20
     f9a:	8c 93       	st	X, r24
     f9c:	36 c0       	rjmp	.+108    	; 0x100a <MDIO_voidSetPinValue+0x232>
							break;
						}
			break;

		case PORTD:
			switch(A_PinValue){
     f9e:	8b 81       	ldd	r24, Y+3	; 0x03
     fa0:	28 2f       	mov	r18, r24
     fa2:	30 e0       	ldi	r19, 0x00	; 0
     fa4:	3d 83       	std	Y+5, r19	; 0x05
     fa6:	2c 83       	std	Y+4, r18	; 0x04
     fa8:	8c 81       	ldd	r24, Y+4	; 0x04
     faa:	9d 81       	ldd	r25, Y+5	; 0x05
     fac:	00 97       	sbiw	r24, 0x00	; 0
     fae:	c9 f0       	breq	.+50     	; 0xfe2 <MDIO_voidSetPinValue+0x20a>
     fb0:	2c 81       	ldd	r18, Y+4	; 0x04
     fb2:	3d 81       	ldd	r19, Y+5	; 0x05
     fb4:	21 30       	cpi	r18, 0x01	; 1
     fb6:	31 05       	cpc	r19, r1
     fb8:	41 f5       	brne	.+80     	; 0x100a <MDIO_voidSetPinValue+0x232>
						case DIO_HIGH:
							SET_BIT(PORTD_REG,A_DIOPIN);
     fba:	a2 e3       	ldi	r26, 0x32	; 50
     fbc:	b0 e0       	ldi	r27, 0x00	; 0
     fbe:	e2 e3       	ldi	r30, 0x32	; 50
     fc0:	f0 e0       	ldi	r31, 0x00	; 0
     fc2:	80 81       	ld	r24, Z
     fc4:	48 2f       	mov	r20, r24
     fc6:	8a 81       	ldd	r24, Y+2	; 0x02
     fc8:	28 2f       	mov	r18, r24
     fca:	30 e0       	ldi	r19, 0x00	; 0
     fcc:	81 e0       	ldi	r24, 0x01	; 1
     fce:	90 e0       	ldi	r25, 0x00	; 0
     fd0:	02 2e       	mov	r0, r18
     fd2:	02 c0       	rjmp	.+4      	; 0xfd8 <MDIO_voidSetPinValue+0x200>
     fd4:	88 0f       	add	r24, r24
     fd6:	99 1f       	adc	r25, r25
     fd8:	0a 94       	dec	r0
     fda:	e2 f7       	brpl	.-8      	; 0xfd4 <MDIO_voidSetPinValue+0x1fc>
     fdc:	84 2b       	or	r24, r20
     fde:	8c 93       	st	X, r24
     fe0:	14 c0       	rjmp	.+40     	; 0x100a <MDIO_voidSetPinValue+0x232>
							break;

						case DIO_LOW:
							CLR_BIT(PORTD_REG,A_DIOPIN);
     fe2:	a2 e3       	ldi	r26, 0x32	; 50
     fe4:	b0 e0       	ldi	r27, 0x00	; 0
     fe6:	e2 e3       	ldi	r30, 0x32	; 50
     fe8:	f0 e0       	ldi	r31, 0x00	; 0
     fea:	80 81       	ld	r24, Z
     fec:	48 2f       	mov	r20, r24
     fee:	8a 81       	ldd	r24, Y+2	; 0x02
     ff0:	28 2f       	mov	r18, r24
     ff2:	30 e0       	ldi	r19, 0x00	; 0
     ff4:	81 e0       	ldi	r24, 0x01	; 1
     ff6:	90 e0       	ldi	r25, 0x00	; 0
     ff8:	02 2e       	mov	r0, r18
     ffa:	02 c0       	rjmp	.+4      	; 0x1000 <MDIO_voidSetPinValue+0x228>
     ffc:	88 0f       	add	r24, r24
     ffe:	99 1f       	adc	r25, r25
    1000:	0a 94       	dec	r0
    1002:	e2 f7       	brpl	.-8      	; 0xffc <MDIO_voidSetPinValue+0x224>
    1004:	80 95       	com	r24
    1006:	84 23       	and	r24, r20
    1008:	8c 93       	st	X, r24
			default:
						break;
		}

	}
}
    100a:	2d 96       	adiw	r28, 0x0d	; 13
    100c:	0f b6       	in	r0, 0x3f	; 63
    100e:	f8 94       	cli
    1010:	de bf       	out	0x3e, r29	; 62
    1012:	0f be       	out	0x3f, r0	; 63
    1014:	cd bf       	out	0x3d, r28	; 61
    1016:	cf 91       	pop	r28
    1018:	df 91       	pop	r29
    101a:	08 95       	ret

0000101c <MDIO_voidTogglePinValue>:
//CHECK FROM HERE
void MDIO_voidTogglePinValue(DIO_PORTS A_DIOPort, DIO_PINS A_DIOPin){
    101c:	df 93       	push	r29
    101e:	cf 93       	push	r28
    1020:	00 d0       	rcall	.+0      	; 0x1022 <MDIO_voidTogglePinValue+0x6>
    1022:	00 d0       	rcall	.+0      	; 0x1024 <MDIO_voidTogglePinValue+0x8>
    1024:	cd b7       	in	r28, 0x3d	; 61
    1026:	de b7       	in	r29, 0x3e	; 62
    1028:	89 83       	std	Y+1, r24	; 0x01
    102a:	6a 83       	std	Y+2, r22	; 0x02
	if((A_DIOPort <= PORTD) && (A_DIOPin <= PIN7)){
    102c:	89 81       	ldd	r24, Y+1	; 0x01
    102e:	84 30       	cpi	r24, 0x04	; 4
    1030:	08 f0       	brcs	.+2      	; 0x1034 <MDIO_voidTogglePinValue+0x18>
    1032:	72 c0       	rjmp	.+228    	; 0x1118 <MDIO_voidTogglePinValue+0xfc>
    1034:	8a 81       	ldd	r24, Y+2	; 0x02
    1036:	88 30       	cpi	r24, 0x08	; 8
    1038:	08 f0       	brcs	.+2      	; 0x103c <MDIO_voidTogglePinValue+0x20>
    103a:	6e c0       	rjmp	.+220    	; 0x1118 <MDIO_voidTogglePinValue+0xfc>
		switch (A_DIOPort)
    103c:	89 81       	ldd	r24, Y+1	; 0x01
    103e:	28 2f       	mov	r18, r24
    1040:	30 e0       	ldi	r19, 0x00	; 0
    1042:	3c 83       	std	Y+4, r19	; 0x04
    1044:	2b 83       	std	Y+3, r18	; 0x03
    1046:	8b 81       	ldd	r24, Y+3	; 0x03
    1048:	9c 81       	ldd	r25, Y+4	; 0x04
    104a:	81 30       	cpi	r24, 0x01	; 1
    104c:	91 05       	cpc	r25, r1
    104e:	49 f1       	breq	.+82     	; 0x10a2 <MDIO_voidTogglePinValue+0x86>
    1050:	2b 81       	ldd	r18, Y+3	; 0x03
    1052:	3c 81       	ldd	r19, Y+4	; 0x04
    1054:	22 30       	cpi	r18, 0x02	; 2
    1056:	31 05       	cpc	r19, r1
    1058:	2c f4       	brge	.+10     	; 0x1064 <MDIO_voidTogglePinValue+0x48>
    105a:	8b 81       	ldd	r24, Y+3	; 0x03
    105c:	9c 81       	ldd	r25, Y+4	; 0x04
    105e:	00 97       	sbiw	r24, 0x00	; 0
    1060:	61 f0       	breq	.+24     	; 0x107a <MDIO_voidTogglePinValue+0x5e>
    1062:	5a c0       	rjmp	.+180    	; 0x1118 <MDIO_voidTogglePinValue+0xfc>
    1064:	2b 81       	ldd	r18, Y+3	; 0x03
    1066:	3c 81       	ldd	r19, Y+4	; 0x04
    1068:	22 30       	cpi	r18, 0x02	; 2
    106a:	31 05       	cpc	r19, r1
    106c:	71 f1       	breq	.+92     	; 0x10ca <MDIO_voidTogglePinValue+0xae>
    106e:	8b 81       	ldd	r24, Y+3	; 0x03
    1070:	9c 81       	ldd	r25, Y+4	; 0x04
    1072:	83 30       	cpi	r24, 0x03	; 3
    1074:	91 05       	cpc	r25, r1
    1076:	e9 f1       	breq	.+122    	; 0x10f2 <MDIO_voidTogglePinValue+0xd6>
    1078:	4f c0       	rjmp	.+158    	; 0x1118 <MDIO_voidTogglePinValue+0xfc>
		{
		case PORTA:
			TOGGLE_BIT(PORTA_REG, A_DIOPin);
    107a:	ab e3       	ldi	r26, 0x3B	; 59
    107c:	b0 e0       	ldi	r27, 0x00	; 0
    107e:	eb e3       	ldi	r30, 0x3B	; 59
    1080:	f0 e0       	ldi	r31, 0x00	; 0
    1082:	80 81       	ld	r24, Z
    1084:	48 2f       	mov	r20, r24
    1086:	8a 81       	ldd	r24, Y+2	; 0x02
    1088:	28 2f       	mov	r18, r24
    108a:	30 e0       	ldi	r19, 0x00	; 0
    108c:	81 e0       	ldi	r24, 0x01	; 1
    108e:	90 e0       	ldi	r25, 0x00	; 0
    1090:	02 2e       	mov	r0, r18
    1092:	02 c0       	rjmp	.+4      	; 0x1098 <MDIO_voidTogglePinValue+0x7c>
    1094:	88 0f       	add	r24, r24
    1096:	99 1f       	adc	r25, r25
    1098:	0a 94       	dec	r0
    109a:	e2 f7       	brpl	.-8      	; 0x1094 <MDIO_voidTogglePinValue+0x78>
    109c:	84 27       	eor	r24, r20
    109e:	8c 93       	st	X, r24
    10a0:	3b c0       	rjmp	.+118    	; 0x1118 <MDIO_voidTogglePinValue+0xfc>
		    break;
		case PORTB:
			TOGGLE_BIT(PORTB_REG, A_DIOPin);
    10a2:	a8 e3       	ldi	r26, 0x38	; 56
    10a4:	b0 e0       	ldi	r27, 0x00	; 0
    10a6:	e8 e3       	ldi	r30, 0x38	; 56
    10a8:	f0 e0       	ldi	r31, 0x00	; 0
    10aa:	80 81       	ld	r24, Z
    10ac:	48 2f       	mov	r20, r24
    10ae:	8a 81       	ldd	r24, Y+2	; 0x02
    10b0:	28 2f       	mov	r18, r24
    10b2:	30 e0       	ldi	r19, 0x00	; 0
    10b4:	81 e0       	ldi	r24, 0x01	; 1
    10b6:	90 e0       	ldi	r25, 0x00	; 0
    10b8:	02 2e       	mov	r0, r18
    10ba:	02 c0       	rjmp	.+4      	; 0x10c0 <MDIO_voidTogglePinValue+0xa4>
    10bc:	88 0f       	add	r24, r24
    10be:	99 1f       	adc	r25, r25
    10c0:	0a 94       	dec	r0
    10c2:	e2 f7       	brpl	.-8      	; 0x10bc <MDIO_voidTogglePinValue+0xa0>
    10c4:	84 27       	eor	r24, r20
    10c6:	8c 93       	st	X, r24
    10c8:	27 c0       	rjmp	.+78     	; 0x1118 <MDIO_voidTogglePinValue+0xfc>
				    break;
		case PORTC:
			TOGGLE_BIT(PORTC_REG, A_DIOPin);
    10ca:	a5 e3       	ldi	r26, 0x35	; 53
    10cc:	b0 e0       	ldi	r27, 0x00	; 0
    10ce:	e5 e3       	ldi	r30, 0x35	; 53
    10d0:	f0 e0       	ldi	r31, 0x00	; 0
    10d2:	80 81       	ld	r24, Z
    10d4:	48 2f       	mov	r20, r24
    10d6:	8a 81       	ldd	r24, Y+2	; 0x02
    10d8:	28 2f       	mov	r18, r24
    10da:	30 e0       	ldi	r19, 0x00	; 0
    10dc:	81 e0       	ldi	r24, 0x01	; 1
    10de:	90 e0       	ldi	r25, 0x00	; 0
    10e0:	02 2e       	mov	r0, r18
    10e2:	02 c0       	rjmp	.+4      	; 0x10e8 <MDIO_voidTogglePinValue+0xcc>
    10e4:	88 0f       	add	r24, r24
    10e6:	99 1f       	adc	r25, r25
    10e8:	0a 94       	dec	r0
    10ea:	e2 f7       	brpl	.-8      	; 0x10e4 <MDIO_voidTogglePinValue+0xc8>
    10ec:	84 27       	eor	r24, r20
    10ee:	8c 93       	st	X, r24
    10f0:	13 c0       	rjmp	.+38     	; 0x1118 <MDIO_voidTogglePinValue+0xfc>
				    break;
		case PORTD:
			TOGGLE_BIT(PORTD_REG, A_DIOPin);
    10f2:	a2 e3       	ldi	r26, 0x32	; 50
    10f4:	b0 e0       	ldi	r27, 0x00	; 0
    10f6:	e2 e3       	ldi	r30, 0x32	; 50
    10f8:	f0 e0       	ldi	r31, 0x00	; 0
    10fa:	80 81       	ld	r24, Z
    10fc:	48 2f       	mov	r20, r24
    10fe:	8a 81       	ldd	r24, Y+2	; 0x02
    1100:	28 2f       	mov	r18, r24
    1102:	30 e0       	ldi	r19, 0x00	; 0
    1104:	81 e0       	ldi	r24, 0x01	; 1
    1106:	90 e0       	ldi	r25, 0x00	; 0
    1108:	02 2e       	mov	r0, r18
    110a:	02 c0       	rjmp	.+4      	; 0x1110 <MDIO_voidTogglePinValue+0xf4>
    110c:	88 0f       	add	r24, r24
    110e:	99 1f       	adc	r25, r25
    1110:	0a 94       	dec	r0
    1112:	e2 f7       	brpl	.-8      	; 0x110c <MDIO_voidTogglePinValue+0xf0>
    1114:	84 27       	eor	r24, r20
    1116:	8c 93       	st	X, r24

		default:
		    break;
		}
	}
}
    1118:	0f 90       	pop	r0
    111a:	0f 90       	pop	r0
    111c:	0f 90       	pop	r0
    111e:	0f 90       	pop	r0
    1120:	cf 91       	pop	r28
    1122:	df 91       	pop	r29
    1124:	08 95       	ret

00001126 <MDIO_voidSetPortDirection>:

void MDIO_voidSetPortDirection(DIO_PORTS A_DIOPort, u8 A_u8PortDirection){
    1126:	df 93       	push	r29
    1128:	cf 93       	push	r28
    112a:	00 d0       	rcall	.+0      	; 0x112c <MDIO_voidSetPortDirection+0x6>
    112c:	00 d0       	rcall	.+0      	; 0x112e <MDIO_voidSetPortDirection+0x8>
    112e:	cd b7       	in	r28, 0x3d	; 61
    1130:	de b7       	in	r29, 0x3e	; 62
    1132:	89 83       	std	Y+1, r24	; 0x01
    1134:	6a 83       	std	Y+2, r22	; 0x02
	if((A_DIOPort <= PORTD)){
    1136:	89 81       	ldd	r24, Y+1	; 0x01
    1138:	84 30       	cpi	r24, 0x04	; 4
    113a:	90 f5       	brcc	.+100    	; 0x11a0 <MDIO_voidSetPortDirection+0x7a>
		switch(A_DIOPort)
    113c:	89 81       	ldd	r24, Y+1	; 0x01
    113e:	28 2f       	mov	r18, r24
    1140:	30 e0       	ldi	r19, 0x00	; 0
    1142:	3c 83       	std	Y+4, r19	; 0x04
    1144:	2b 83       	std	Y+3, r18	; 0x03
    1146:	8b 81       	ldd	r24, Y+3	; 0x03
    1148:	9c 81       	ldd	r25, Y+4	; 0x04
    114a:	81 30       	cpi	r24, 0x01	; 1
    114c:	91 05       	cpc	r25, r1
    114e:	d1 f0       	breq	.+52     	; 0x1184 <MDIO_voidSetPortDirection+0x5e>
    1150:	2b 81       	ldd	r18, Y+3	; 0x03
    1152:	3c 81       	ldd	r19, Y+4	; 0x04
    1154:	22 30       	cpi	r18, 0x02	; 2
    1156:	31 05       	cpc	r19, r1
    1158:	2c f4       	brge	.+10     	; 0x1164 <MDIO_voidSetPortDirection+0x3e>
    115a:	8b 81       	ldd	r24, Y+3	; 0x03
    115c:	9c 81       	ldd	r25, Y+4	; 0x04
    115e:	00 97       	sbiw	r24, 0x00	; 0
    1160:	61 f0       	breq	.+24     	; 0x117a <MDIO_voidSetPortDirection+0x54>
    1162:	1e c0       	rjmp	.+60     	; 0x11a0 <MDIO_voidSetPortDirection+0x7a>
    1164:	2b 81       	ldd	r18, Y+3	; 0x03
    1166:	3c 81       	ldd	r19, Y+4	; 0x04
    1168:	22 30       	cpi	r18, 0x02	; 2
    116a:	31 05       	cpc	r19, r1
    116c:	81 f0       	breq	.+32     	; 0x118e <MDIO_voidSetPortDirection+0x68>
    116e:	8b 81       	ldd	r24, Y+3	; 0x03
    1170:	9c 81       	ldd	r25, Y+4	; 0x04
    1172:	83 30       	cpi	r24, 0x03	; 3
    1174:	91 05       	cpc	r25, r1
    1176:	81 f0       	breq	.+32     	; 0x1198 <MDIO_voidSetPortDirection+0x72>
    1178:	13 c0       	rjmp	.+38     	; 0x11a0 <MDIO_voidSetPortDirection+0x7a>
		        {
		            case PORTA:
		                SET_BYTE(DDRA_REG,A_u8PortDirection);//EDIT THIS
    117a:	ea e3       	ldi	r30, 0x3A	; 58
    117c:	f0 e0       	ldi	r31, 0x00	; 0
    117e:	8a 81       	ldd	r24, Y+2	; 0x02
    1180:	80 83       	st	Z, r24
    1182:	0e c0       	rjmp	.+28     	; 0x11a0 <MDIO_voidSetPortDirection+0x7a>
		                break;

		            case PORTB:
		            	SET_BYTE(DDRB_REG,A_u8PortDirection);
    1184:	e7 e3       	ldi	r30, 0x37	; 55
    1186:	f0 e0       	ldi	r31, 0x00	; 0
    1188:	8a 81       	ldd	r24, Y+2	; 0x02
    118a:	80 83       	st	Z, r24
    118c:	09 c0       	rjmp	.+18     	; 0x11a0 <MDIO_voidSetPortDirection+0x7a>
		                break;

		            case PORTC:
		            	SET_BYTE(DDRC_REG,A_u8PortDirection);
    118e:	e4 e3       	ldi	r30, 0x34	; 52
    1190:	f0 e0       	ldi	r31, 0x00	; 0
    1192:	8a 81       	ldd	r24, Y+2	; 0x02
    1194:	80 83       	st	Z, r24
    1196:	04 c0       	rjmp	.+8      	; 0x11a0 <MDIO_voidSetPortDirection+0x7a>
		                break;

		            case PORTD:
		            	SET_BYTE(DDRD_REG,A_u8PortDirection);
    1198:	e1 e3       	ldi	r30, 0x31	; 49
    119a:	f0 e0       	ldi	r31, 0x00	; 0
    119c:	8a 81       	ldd	r24, Y+2	; 0x02
    119e:	80 83       	st	Z, r24

		            default:
		                break;
		        }
	}
}
    11a0:	0f 90       	pop	r0
    11a2:	0f 90       	pop	r0
    11a4:	0f 90       	pop	r0
    11a6:	0f 90       	pop	r0
    11a8:	cf 91       	pop	r28
    11aa:	df 91       	pop	r29
    11ac:	08 95       	ret

000011ae <MDIO_voidSetPortValue>:

void MDIO_voidSetPortValue(DIO_PORTS A_DIOPort, u8 A_u8PortValue){
    11ae:	df 93       	push	r29
    11b0:	cf 93       	push	r28
    11b2:	00 d0       	rcall	.+0      	; 0x11b4 <MDIO_voidSetPortValue+0x6>
    11b4:	00 d0       	rcall	.+0      	; 0x11b6 <MDIO_voidSetPortValue+0x8>
    11b6:	cd b7       	in	r28, 0x3d	; 61
    11b8:	de b7       	in	r29, 0x3e	; 62
    11ba:	89 83       	std	Y+1, r24	; 0x01
    11bc:	6a 83       	std	Y+2, r22	; 0x02
	if(A_DIOPort <= PORTD)
    11be:	89 81       	ldd	r24, Y+1	; 0x01
    11c0:	84 30       	cpi	r24, 0x04	; 4
    11c2:	90 f5       	brcc	.+100    	; 0x1228 <MDIO_voidSetPortValue+0x7a>
	    {

	        switch(A_DIOPort)
    11c4:	89 81       	ldd	r24, Y+1	; 0x01
    11c6:	28 2f       	mov	r18, r24
    11c8:	30 e0       	ldi	r19, 0x00	; 0
    11ca:	3c 83       	std	Y+4, r19	; 0x04
    11cc:	2b 83       	std	Y+3, r18	; 0x03
    11ce:	8b 81       	ldd	r24, Y+3	; 0x03
    11d0:	9c 81       	ldd	r25, Y+4	; 0x04
    11d2:	81 30       	cpi	r24, 0x01	; 1
    11d4:	91 05       	cpc	r25, r1
    11d6:	d1 f0       	breq	.+52     	; 0x120c <MDIO_voidSetPortValue+0x5e>
    11d8:	2b 81       	ldd	r18, Y+3	; 0x03
    11da:	3c 81       	ldd	r19, Y+4	; 0x04
    11dc:	22 30       	cpi	r18, 0x02	; 2
    11de:	31 05       	cpc	r19, r1
    11e0:	2c f4       	brge	.+10     	; 0x11ec <MDIO_voidSetPortValue+0x3e>
    11e2:	8b 81       	ldd	r24, Y+3	; 0x03
    11e4:	9c 81       	ldd	r25, Y+4	; 0x04
    11e6:	00 97       	sbiw	r24, 0x00	; 0
    11e8:	61 f0       	breq	.+24     	; 0x1202 <MDIO_voidSetPortValue+0x54>
    11ea:	1e c0       	rjmp	.+60     	; 0x1228 <MDIO_voidSetPortValue+0x7a>
    11ec:	2b 81       	ldd	r18, Y+3	; 0x03
    11ee:	3c 81       	ldd	r19, Y+4	; 0x04
    11f0:	22 30       	cpi	r18, 0x02	; 2
    11f2:	31 05       	cpc	r19, r1
    11f4:	81 f0       	breq	.+32     	; 0x1216 <MDIO_voidSetPortValue+0x68>
    11f6:	8b 81       	ldd	r24, Y+3	; 0x03
    11f8:	9c 81       	ldd	r25, Y+4	; 0x04
    11fa:	83 30       	cpi	r24, 0x03	; 3
    11fc:	91 05       	cpc	r25, r1
    11fe:	81 f0       	breq	.+32     	; 0x1220 <MDIO_voidSetPortValue+0x72>
    1200:	13 c0       	rjmp	.+38     	; 0x1228 <MDIO_voidSetPortValue+0x7a>
	        {
	            case PORTA:
	            	SET_BYTE(PORTA_REG,A_u8PortValue);
    1202:	eb e3       	ldi	r30, 0x3B	; 59
    1204:	f0 e0       	ldi	r31, 0x00	; 0
    1206:	8a 81       	ldd	r24, Y+2	; 0x02
    1208:	80 83       	st	Z, r24
    120a:	0e c0       	rjmp	.+28     	; 0x1228 <MDIO_voidSetPortValue+0x7a>
	                break;

	            case PORTB:
	            	SET_BYTE(PORTB_REG,A_u8PortValue);
    120c:	e8 e3       	ldi	r30, 0x38	; 56
    120e:	f0 e0       	ldi	r31, 0x00	; 0
    1210:	8a 81       	ldd	r24, Y+2	; 0x02
    1212:	80 83       	st	Z, r24
    1214:	09 c0       	rjmp	.+18     	; 0x1228 <MDIO_voidSetPortValue+0x7a>
	                break;

	            case PORTC:
	            	SET_BYTE(PORTC_REG,A_u8PortValue);
    1216:	e5 e3       	ldi	r30, 0x35	; 53
    1218:	f0 e0       	ldi	r31, 0x00	; 0
    121a:	8a 81       	ldd	r24, Y+2	; 0x02
    121c:	80 83       	st	Z, r24
    121e:	04 c0       	rjmp	.+8      	; 0x1228 <MDIO_voidSetPortValue+0x7a>
	                break;

	            case PORTD:
	            	SET_BYTE(PORTD_REG,A_u8PortValue);
    1220:	e2 e3       	ldi	r30, 0x32	; 50
    1222:	f0 e0       	ldi	r31, 0x00	; 0
    1224:	8a 81       	ldd	r24, Y+2	; 0x02
    1226:	80 83       	st	Z, r24

	            default:
	                break;
	        }
	    }
}
    1228:	0f 90       	pop	r0
    122a:	0f 90       	pop	r0
    122c:	0f 90       	pop	r0
    122e:	0f 90       	pop	r0
    1230:	cf 91       	pop	r28
    1232:	df 91       	pop	r29
    1234:	08 95       	ret

00001236 <MDIO_PinstatusGetPinValue>:

PIN_STATUS MDIO_PinstatusGetPinValue(DIO_PORTS A_DIOPort ,DIO_PINS A_DIOPin){
    1236:	df 93       	push	r29
    1238:	cf 93       	push	r28
    123a:	00 d0       	rcall	.+0      	; 0x123c <MDIO_PinstatusGetPinValue+0x6>
    123c:	00 d0       	rcall	.+0      	; 0x123e <MDIO_PinstatusGetPinValue+0x8>
    123e:	0f 92       	push	r0
    1240:	cd b7       	in	r28, 0x3d	; 61
    1242:	de b7       	in	r29, 0x3e	; 62
    1244:	8a 83       	std	Y+2, r24	; 0x02
    1246:	6b 83       	std	Y+3, r22	; 0x03
	PIN_STATUS PIN_VALUE=DIO_LOW;//EDITED THIS
    1248:	19 82       	std	Y+1, r1	; 0x01
	if((A_DIOPort <= PORTD )&&(A_DIOPin<= PIN7)){
    124a:	8a 81       	ldd	r24, Y+2	; 0x02
    124c:	84 30       	cpi	r24, 0x04	; 4
    124e:	08 f0       	brcs	.+2      	; 0x1252 <MDIO_PinstatusGetPinValue+0x1c>
    1250:	6b c0       	rjmp	.+214    	; 0x1328 <MDIO_PinstatusGetPinValue+0xf2>
    1252:	8b 81       	ldd	r24, Y+3	; 0x03
    1254:	88 30       	cpi	r24, 0x08	; 8
    1256:	08 f0       	brcs	.+2      	; 0x125a <MDIO_PinstatusGetPinValue+0x24>
    1258:	67 c0       	rjmp	.+206    	; 0x1328 <MDIO_PinstatusGetPinValue+0xf2>
		switch(A_DIOPort){
    125a:	8a 81       	ldd	r24, Y+2	; 0x02
    125c:	28 2f       	mov	r18, r24
    125e:	30 e0       	ldi	r19, 0x00	; 0
    1260:	3d 83       	std	Y+5, r19	; 0x05
    1262:	2c 83       	std	Y+4, r18	; 0x04
    1264:	4c 81       	ldd	r20, Y+4	; 0x04
    1266:	5d 81       	ldd	r21, Y+5	; 0x05
    1268:	41 30       	cpi	r20, 0x01	; 1
    126a:	51 05       	cpc	r21, r1
    126c:	41 f1       	breq	.+80     	; 0x12be <MDIO_PinstatusGetPinValue+0x88>
    126e:	8c 81       	ldd	r24, Y+4	; 0x04
    1270:	9d 81       	ldd	r25, Y+5	; 0x05
    1272:	82 30       	cpi	r24, 0x02	; 2
    1274:	91 05       	cpc	r25, r1
    1276:	34 f4       	brge	.+12     	; 0x1284 <MDIO_PinstatusGetPinValue+0x4e>
    1278:	2c 81       	ldd	r18, Y+4	; 0x04
    127a:	3d 81       	ldd	r19, Y+5	; 0x05
    127c:	21 15       	cp	r18, r1
    127e:	31 05       	cpc	r19, r1
    1280:	61 f0       	breq	.+24     	; 0x129a <MDIO_PinstatusGetPinValue+0x64>
    1282:	52 c0       	rjmp	.+164    	; 0x1328 <MDIO_PinstatusGetPinValue+0xf2>
    1284:	4c 81       	ldd	r20, Y+4	; 0x04
    1286:	5d 81       	ldd	r21, Y+5	; 0x05
    1288:	42 30       	cpi	r20, 0x02	; 2
    128a:	51 05       	cpc	r21, r1
    128c:	51 f1       	breq	.+84     	; 0x12e2 <MDIO_PinstatusGetPinValue+0xac>
    128e:	8c 81       	ldd	r24, Y+4	; 0x04
    1290:	9d 81       	ldd	r25, Y+5	; 0x05
    1292:	83 30       	cpi	r24, 0x03	; 3
    1294:	91 05       	cpc	r25, r1
    1296:	b9 f1       	breq	.+110    	; 0x1306 <MDIO_PinstatusGetPinValue+0xd0>
    1298:	47 c0       	rjmp	.+142    	; 0x1328 <MDIO_PinstatusGetPinValue+0xf2>
		case PORTA: PIN_VALUE = GET_BIT(PINA_REG,A_DIOPin); break;
    129a:	e9 e3       	ldi	r30, 0x39	; 57
    129c:	f0 e0       	ldi	r31, 0x00	; 0
    129e:	80 81       	ld	r24, Z
    12a0:	28 2f       	mov	r18, r24
    12a2:	30 e0       	ldi	r19, 0x00	; 0
    12a4:	8b 81       	ldd	r24, Y+3	; 0x03
    12a6:	88 2f       	mov	r24, r24
    12a8:	90 e0       	ldi	r25, 0x00	; 0
    12aa:	a9 01       	movw	r20, r18
    12ac:	02 c0       	rjmp	.+4      	; 0x12b2 <MDIO_PinstatusGetPinValue+0x7c>
    12ae:	55 95       	asr	r21
    12b0:	47 95       	ror	r20
    12b2:	8a 95       	dec	r24
    12b4:	e2 f7       	brpl	.-8      	; 0x12ae <MDIO_PinstatusGetPinValue+0x78>
    12b6:	ca 01       	movw	r24, r20
    12b8:	81 70       	andi	r24, 0x01	; 1
    12ba:	89 83       	std	Y+1, r24	; 0x01
    12bc:	35 c0       	rjmp	.+106    	; 0x1328 <MDIO_PinstatusGetPinValue+0xf2>
		case PORTB: PIN_VALUE = GET_BIT(PINB_REG,A_DIOPin); break;
    12be:	e6 e3       	ldi	r30, 0x36	; 54
    12c0:	f0 e0       	ldi	r31, 0x00	; 0
    12c2:	80 81       	ld	r24, Z
    12c4:	28 2f       	mov	r18, r24
    12c6:	30 e0       	ldi	r19, 0x00	; 0
    12c8:	8b 81       	ldd	r24, Y+3	; 0x03
    12ca:	88 2f       	mov	r24, r24
    12cc:	90 e0       	ldi	r25, 0x00	; 0
    12ce:	a9 01       	movw	r20, r18
    12d0:	02 c0       	rjmp	.+4      	; 0x12d6 <MDIO_PinstatusGetPinValue+0xa0>
    12d2:	55 95       	asr	r21
    12d4:	47 95       	ror	r20
    12d6:	8a 95       	dec	r24
    12d8:	e2 f7       	brpl	.-8      	; 0x12d2 <MDIO_PinstatusGetPinValue+0x9c>
    12da:	ca 01       	movw	r24, r20
    12dc:	81 70       	andi	r24, 0x01	; 1
    12de:	89 83       	std	Y+1, r24	; 0x01
    12e0:	23 c0       	rjmp	.+70     	; 0x1328 <MDIO_PinstatusGetPinValue+0xf2>
		case PORTC: PIN_VALUE = GET_BIT(PINC_REG,A_DIOPin); break;
    12e2:	e3 e3       	ldi	r30, 0x33	; 51
    12e4:	f0 e0       	ldi	r31, 0x00	; 0
    12e6:	80 81       	ld	r24, Z
    12e8:	28 2f       	mov	r18, r24
    12ea:	30 e0       	ldi	r19, 0x00	; 0
    12ec:	8b 81       	ldd	r24, Y+3	; 0x03
    12ee:	88 2f       	mov	r24, r24
    12f0:	90 e0       	ldi	r25, 0x00	; 0
    12f2:	a9 01       	movw	r20, r18
    12f4:	02 c0       	rjmp	.+4      	; 0x12fa <MDIO_PinstatusGetPinValue+0xc4>
    12f6:	55 95       	asr	r21
    12f8:	47 95       	ror	r20
    12fa:	8a 95       	dec	r24
    12fc:	e2 f7       	brpl	.-8      	; 0x12f6 <MDIO_PinstatusGetPinValue+0xc0>
    12fe:	ca 01       	movw	r24, r20
    1300:	81 70       	andi	r24, 0x01	; 1
    1302:	89 83       	std	Y+1, r24	; 0x01
    1304:	11 c0       	rjmp	.+34     	; 0x1328 <MDIO_PinstatusGetPinValue+0xf2>
		case PORTD: PIN_VALUE = GET_BIT(PIND_REG,A_DIOPin); break;
    1306:	e0 e3       	ldi	r30, 0x30	; 48
    1308:	f0 e0       	ldi	r31, 0x00	; 0
    130a:	80 81       	ld	r24, Z
    130c:	28 2f       	mov	r18, r24
    130e:	30 e0       	ldi	r19, 0x00	; 0
    1310:	8b 81       	ldd	r24, Y+3	; 0x03
    1312:	88 2f       	mov	r24, r24
    1314:	90 e0       	ldi	r25, 0x00	; 0
    1316:	a9 01       	movw	r20, r18
    1318:	02 c0       	rjmp	.+4      	; 0x131e <MDIO_PinstatusGetPinValue+0xe8>
    131a:	55 95       	asr	r21
    131c:	47 95       	ror	r20
    131e:	8a 95       	dec	r24
    1320:	e2 f7       	brpl	.-8      	; 0x131a <MDIO_PinstatusGetPinValue+0xe4>
    1322:	ca 01       	movw	r24, r20
    1324:	81 70       	andi	r24, 0x01	; 1
    1326:	89 83       	std	Y+1, r24	; 0x01
		default: break;

		}
	}
	return PIN_VALUE;
    1328:	89 81       	ldd	r24, Y+1	; 0x01
}
    132a:	0f 90       	pop	r0
    132c:	0f 90       	pop	r0
    132e:	0f 90       	pop	r0
    1330:	0f 90       	pop	r0
    1332:	0f 90       	pop	r0
    1334:	cf 91       	pop	r28
    1336:	df 91       	pop	r29
    1338:	08 95       	ret

0000133a <MEXTI_voidConfig>:
void (* volatile EXTI0_Callback)(void) = NULL;
void (* volatile EXTI1_Callback)(void) = NULL;
void (* volatile EXTI2_Callback)(void) = NULL;

void MEXTI_voidConfig(EXTI_ID A_EXIT_ID, EXTI_SENSE_MODE  A_EXTI_SENSE_MODE)
{
    133a:	df 93       	push	r29
    133c:	cf 93       	push	r28
    133e:	00 d0       	rcall	.+0      	; 0x1340 <MEXTI_voidConfig+0x6>
    1340:	00 d0       	rcall	.+0      	; 0x1342 <MEXTI_voidConfig+0x8>
    1342:	00 d0       	rcall	.+0      	; 0x1344 <MEXTI_voidConfig+0xa>
    1344:	cd b7       	in	r28, 0x3d	; 61
    1346:	de b7       	in	r29, 0x3e	; 62
    1348:	89 83       	std	Y+1, r24	; 0x01
    134a:	6a 83       	std	Y+2, r22	; 0x02
	// Fixed the typo in A_EXTI_SENSE_MODE
	if((A_EXIT_ID <= EXTI2) && (A_EXTI_SENSE_MODE <= RISING))
    134c:	89 81       	ldd	r24, Y+1	; 0x01
    134e:	83 30       	cpi	r24, 0x03	; 3
    1350:	08 f0       	brcs	.+2      	; 0x1354 <MEXTI_voidConfig+0x1a>
    1352:	5d c0       	rjmp	.+186    	; 0x140e <MEXTI_voidConfig+0xd4>
    1354:	8a 81       	ldd	r24, Y+2	; 0x02
    1356:	84 30       	cpi	r24, 0x04	; 4
    1358:	08 f0       	brcs	.+2      	; 0x135c <MEXTI_voidConfig+0x22>
    135a:	59 c0       	rjmp	.+178    	; 0x140e <MEXTI_voidConfig+0xd4>
	{
		switch (A_EXIT_ID)
    135c:	89 81       	ldd	r24, Y+1	; 0x01
    135e:	28 2f       	mov	r18, r24
    1360:	30 e0       	ldi	r19, 0x00	; 0
    1362:	3e 83       	std	Y+6, r19	; 0x06
    1364:	2d 83       	std	Y+5, r18	; 0x05
    1366:	8d 81       	ldd	r24, Y+5	; 0x05
    1368:	9e 81       	ldd	r25, Y+6	; 0x06
    136a:	81 30       	cpi	r24, 0x01	; 1
    136c:	91 05       	cpc	r25, r1
    136e:	d1 f0       	breq	.+52     	; 0x13a4 <MEXTI_voidConfig+0x6a>
    1370:	2d 81       	ldd	r18, Y+5	; 0x05
    1372:	3e 81       	ldd	r19, Y+6	; 0x06
    1374:	22 30       	cpi	r18, 0x02	; 2
    1376:	31 05       	cpc	r19, r1
    1378:	61 f1       	breq	.+88     	; 0x13d2 <MEXTI_voidConfig+0x98>
    137a:	8d 81       	ldd	r24, Y+5	; 0x05
    137c:	9e 81       	ldd	r25, Y+6	; 0x06
    137e:	00 97       	sbiw	r24, 0x00	; 0
    1380:	09 f0       	breq	.+2      	; 0x1384 <MEXTI_voidConfig+0x4a>
    1382:	45 c0       	rjmp	.+138    	; 0x140e <MEXTI_voidConfig+0xd4>
		{
		case EXTI0 :
			MCUCR &= ~(EXTI_SENSE_MODE_MASK<< EXTI0_SENSE_MODE_BITS);
    1384:	a5 e5       	ldi	r26, 0x55	; 85
    1386:	b0 e0       	ldi	r27, 0x00	; 0
    1388:	e5 e5       	ldi	r30, 0x55	; 85
    138a:	f0 e0       	ldi	r31, 0x00	; 0
    138c:	80 81       	ld	r24, Z
    138e:	8c 7f       	andi	r24, 0xFC	; 252
    1390:	8c 93       	st	X, r24
			MCUCR |=  (A_EXTI_SENSE_MODE << EXTI0_SENSE_MODE_BITS); 
    1392:	a5 e5       	ldi	r26, 0x55	; 85
    1394:	b0 e0       	ldi	r27, 0x00	; 0
    1396:	e5 e5       	ldi	r30, 0x55	; 85
    1398:	f0 e0       	ldi	r31, 0x00	; 0
    139a:	90 81       	ld	r25, Z
    139c:	8a 81       	ldd	r24, Y+2	; 0x02
    139e:	89 2b       	or	r24, r25
    13a0:	8c 93       	st	X, r24
    13a2:	35 c0       	rjmp	.+106    	; 0x140e <MEXTI_voidConfig+0xd4>
			break;
		case EXTI1 :
			MCUCR &= ~( EXTI_SENSE_MODE_MASK<< EXTI1_SENSE_MODE_BITS);
    13a4:	a5 e5       	ldi	r26, 0x55	; 85
    13a6:	b0 e0       	ldi	r27, 0x00	; 0
    13a8:	e5 e5       	ldi	r30, 0x55	; 85
    13aa:	f0 e0       	ldi	r31, 0x00	; 0
    13ac:	80 81       	ld	r24, Z
    13ae:	83 7f       	andi	r24, 0xF3	; 243
    13b0:	8c 93       	st	X, r24
			MCUCR |=  (A_EXTI_SENSE_MODE << EXTI1_SENSE_MODE_BITS); 
    13b2:	a5 e5       	ldi	r26, 0x55	; 85
    13b4:	b0 e0       	ldi	r27, 0x00	; 0
    13b6:	e5 e5       	ldi	r30, 0x55	; 85
    13b8:	f0 e0       	ldi	r31, 0x00	; 0
    13ba:	80 81       	ld	r24, Z
    13bc:	28 2f       	mov	r18, r24
    13be:	8a 81       	ldd	r24, Y+2	; 0x02
    13c0:	88 2f       	mov	r24, r24
    13c2:	90 e0       	ldi	r25, 0x00	; 0
    13c4:	88 0f       	add	r24, r24
    13c6:	99 1f       	adc	r25, r25
    13c8:	88 0f       	add	r24, r24
    13ca:	99 1f       	adc	r25, r25
    13cc:	82 2b       	or	r24, r18
    13ce:	8c 93       	st	X, r24
    13d0:	1e c0       	rjmp	.+60     	; 0x140e <MEXTI_voidConfig+0xd4>
			break;
		case EXTI2 :
			switch (A_EXTI_SENSE_MODE)
    13d2:	8a 81       	ldd	r24, Y+2	; 0x02
    13d4:	28 2f       	mov	r18, r24
    13d6:	30 e0       	ldi	r19, 0x00	; 0
    13d8:	3c 83       	std	Y+4, r19	; 0x04
    13da:	2b 83       	std	Y+3, r18	; 0x03
    13dc:	8b 81       	ldd	r24, Y+3	; 0x03
    13de:	9c 81       	ldd	r25, Y+4	; 0x04
    13e0:	82 30       	cpi	r24, 0x02	; 2
    13e2:	91 05       	cpc	r25, r1
    13e4:	69 f0       	breq	.+26     	; 0x1400 <MEXTI_voidConfig+0xc6>
    13e6:	2b 81       	ldd	r18, Y+3	; 0x03
    13e8:	3c 81       	ldd	r19, Y+4	; 0x04
    13ea:	23 30       	cpi	r18, 0x03	; 3
    13ec:	31 05       	cpc	r19, r1
    13ee:	79 f4       	brne	.+30     	; 0x140e <MEXTI_voidConfig+0xd4>
			{
			case RISING:
				SET_BIT(MCUCSR, EXTI2_SENSE_MODE_BITS); 
    13f0:	a4 e5       	ldi	r26, 0x54	; 84
    13f2:	b0 e0       	ldi	r27, 0x00	; 0
    13f4:	e4 e5       	ldi	r30, 0x54	; 84
    13f6:	f0 e0       	ldi	r31, 0x00	; 0
    13f8:	80 81       	ld	r24, Z
    13fa:	80 64       	ori	r24, 0x40	; 64
    13fc:	8c 93       	st	X, r24
    13fe:	07 c0       	rjmp	.+14     	; 0x140e <MEXTI_voidConfig+0xd4>
				break;
			case FALLING:
				CLR_BIT(MCUCSR, EXTI2_SENSE_MODE_BITS); 
    1400:	a4 e5       	ldi	r26, 0x54	; 84
    1402:	b0 e0       	ldi	r27, 0x00	; 0
    1404:	e4 e5       	ldi	r30, 0x54	; 84
    1406:	f0 e0       	ldi	r31, 0x00	; 0
    1408:	80 81       	ld	r24, Z
    140a:	8f 7b       	andi	r24, 0xBF	; 191
    140c:	8c 93       	st	X, r24
			break;
		default:
			break;
		}
	}
}
    140e:	26 96       	adiw	r28, 0x06	; 6
    1410:	0f b6       	in	r0, 0x3f	; 63
    1412:	f8 94       	cli
    1414:	de bf       	out	0x3e, r29	; 62
    1416:	0f be       	out	0x3f, r0	; 63
    1418:	cd bf       	out	0x3d, r28	; 61
    141a:	cf 91       	pop	r28
    141c:	df 91       	pop	r29
    141e:	08 95       	ret

00001420 <MEXTI_voidEnable>:

void MEXTI_voidEnable(EXTI_ID A_EXTI_ID){
    1420:	df 93       	push	r29
    1422:	cf 93       	push	r28
    1424:	00 d0       	rcall	.+0      	; 0x1426 <MEXTI_voidEnable+0x6>
    1426:	0f 92       	push	r0
    1428:	cd b7       	in	r28, 0x3d	; 61
    142a:	de b7       	in	r29, 0x3e	; 62
    142c:	89 83       	std	Y+1, r24	; 0x01
	if (A_EXTI_ID <= EXTI2)
    142e:	89 81       	ldd	r24, Y+1	; 0x01
    1430:	83 30       	cpi	r24, 0x03	; 3
    1432:	50 f5       	brcc	.+84     	; 0x1488 <MEXTI_voidEnable+0x68>
	{
		switch (A_EXTI_ID)
    1434:	89 81       	ldd	r24, Y+1	; 0x01
    1436:	28 2f       	mov	r18, r24
    1438:	30 e0       	ldi	r19, 0x00	; 0
    143a:	3b 83       	std	Y+3, r19	; 0x03
    143c:	2a 83       	std	Y+2, r18	; 0x02
    143e:	8a 81       	ldd	r24, Y+2	; 0x02
    1440:	9b 81       	ldd	r25, Y+3	; 0x03
    1442:	81 30       	cpi	r24, 0x01	; 1
    1444:	91 05       	cpc	r25, r1
    1446:	89 f0       	breq	.+34     	; 0x146a <MEXTI_voidEnable+0x4a>
    1448:	2a 81       	ldd	r18, Y+2	; 0x02
    144a:	3b 81       	ldd	r19, Y+3	; 0x03
    144c:	22 30       	cpi	r18, 0x02	; 2
    144e:	31 05       	cpc	r19, r1
    1450:	a1 f0       	breq	.+40     	; 0x147a <MEXTI_voidEnable+0x5a>
    1452:	8a 81       	ldd	r24, Y+2	; 0x02
    1454:	9b 81       	ldd	r25, Y+3	; 0x03
    1456:	00 97       	sbiw	r24, 0x00	; 0
    1458:	b9 f4       	brne	.+46     	; 0x1488 <MEXTI_voidEnable+0x68>
		{
		case EXTI0:
			SET_BIT(GICR, EXTI0_ENABLE_BIT); 
    145a:	ab e5       	ldi	r26, 0x5B	; 91
    145c:	b0 e0       	ldi	r27, 0x00	; 0
    145e:	eb e5       	ldi	r30, 0x5B	; 91
    1460:	f0 e0       	ldi	r31, 0x00	; 0
    1462:	80 81       	ld	r24, Z
    1464:	80 64       	ori	r24, 0x40	; 64
    1466:	8c 93       	st	X, r24
    1468:	0f c0       	rjmp	.+30     	; 0x1488 <MEXTI_voidEnable+0x68>
			break;
		case EXTI1:
			SET_BIT(GICR, EXTI1_ENABLE_BIT);
    146a:	ab e5       	ldi	r26, 0x5B	; 91
    146c:	b0 e0       	ldi	r27, 0x00	; 0
    146e:	eb e5       	ldi	r30, 0x5B	; 91
    1470:	f0 e0       	ldi	r31, 0x00	; 0
    1472:	80 81       	ld	r24, Z
    1474:	80 68       	ori	r24, 0x80	; 128
    1476:	8c 93       	st	X, r24
    1478:	07 c0       	rjmp	.+14     	; 0x1488 <MEXTI_voidEnable+0x68>
			break;
		case EXTI2:
			SET_BIT(GICR, EXTI2_ENABLE_BIT);
    147a:	ab e5       	ldi	r26, 0x5B	; 91
    147c:	b0 e0       	ldi	r27, 0x00	; 0
    147e:	eb e5       	ldi	r30, 0x5B	; 91
    1480:	f0 e0       	ldi	r31, 0x00	; 0
    1482:	80 81       	ld	r24, Z
    1484:	80 62       	ori	r24, 0x20	; 32
    1486:	8c 93       	st	X, r24
			break;
		default:
			break;
		}
	}
}
    1488:	0f 90       	pop	r0
    148a:	0f 90       	pop	r0
    148c:	0f 90       	pop	r0
    148e:	cf 91       	pop	r28
    1490:	df 91       	pop	r29
    1492:	08 95       	ret

00001494 <MEXTI_voidClearFlag>:


void MEXTI_voidClearFlag(EXTI_ID A_EXTI_ID){
    1494:	df 93       	push	r29
    1496:	cf 93       	push	r28
    1498:	00 d0       	rcall	.+0      	; 0x149a <MEXTI_voidClearFlag+0x6>
    149a:	0f 92       	push	r0
    149c:	cd b7       	in	r28, 0x3d	; 61
    149e:	de b7       	in	r29, 0x3e	; 62
    14a0:	89 83       	std	Y+1, r24	; 0x01
	if (A_EXTI_ID <= EXTI2)
    14a2:	89 81       	ldd	r24, Y+1	; 0x01
    14a4:	83 30       	cpi	r24, 0x03	; 3
    14a6:	50 f5       	brcc	.+84     	; 0x14fc <MEXTI_voidClearFlag+0x68>
	{
		switch (A_EXTI_ID)
    14a8:	89 81       	ldd	r24, Y+1	; 0x01
    14aa:	28 2f       	mov	r18, r24
    14ac:	30 e0       	ldi	r19, 0x00	; 0
    14ae:	3b 83       	std	Y+3, r19	; 0x03
    14b0:	2a 83       	std	Y+2, r18	; 0x02
    14b2:	8a 81       	ldd	r24, Y+2	; 0x02
    14b4:	9b 81       	ldd	r25, Y+3	; 0x03
    14b6:	81 30       	cpi	r24, 0x01	; 1
    14b8:	91 05       	cpc	r25, r1
    14ba:	89 f0       	breq	.+34     	; 0x14de <MEXTI_voidClearFlag+0x4a>
    14bc:	2a 81       	ldd	r18, Y+2	; 0x02
    14be:	3b 81       	ldd	r19, Y+3	; 0x03
    14c0:	22 30       	cpi	r18, 0x02	; 2
    14c2:	31 05       	cpc	r19, r1
    14c4:	a1 f0       	breq	.+40     	; 0x14ee <MEXTI_voidClearFlag+0x5a>
    14c6:	8a 81       	ldd	r24, Y+2	; 0x02
    14c8:	9b 81       	ldd	r25, Y+3	; 0x03
    14ca:	00 97       	sbiw	r24, 0x00	; 0
    14cc:	b9 f4       	brne	.+46     	; 0x14fc <MEXTI_voidClearFlag+0x68>
		{
		case EXTI0:
			SET_BIT(GIFR, EXTI0_FLAG_BIT);
    14ce:	aa e5       	ldi	r26, 0x5A	; 90
    14d0:	b0 e0       	ldi	r27, 0x00	; 0
    14d2:	ea e5       	ldi	r30, 0x5A	; 90
    14d4:	f0 e0       	ldi	r31, 0x00	; 0
    14d6:	80 81       	ld	r24, Z
    14d8:	80 64       	ori	r24, 0x40	; 64
    14da:	8c 93       	st	X, r24
    14dc:	0f c0       	rjmp	.+30     	; 0x14fc <MEXTI_voidClearFlag+0x68>
			break;
		case EXTI1:
			SET_BIT(GIFR, EXTI1_FLAG_BIT);
    14de:	aa e5       	ldi	r26, 0x5A	; 90
    14e0:	b0 e0       	ldi	r27, 0x00	; 0
    14e2:	ea e5       	ldi	r30, 0x5A	; 90
    14e4:	f0 e0       	ldi	r31, 0x00	; 0
    14e6:	80 81       	ld	r24, Z
    14e8:	80 68       	ori	r24, 0x80	; 128
    14ea:	8c 93       	st	X, r24
    14ec:	07 c0       	rjmp	.+14     	; 0x14fc <MEXTI_voidClearFlag+0x68>
			break;
		case EXTI2:
			SET_BIT(GIFR, EXTI2_FLAG_BIT);
    14ee:	aa e5       	ldi	r26, 0x5A	; 90
    14f0:	b0 e0       	ldi	r27, 0x00	; 0
    14f2:	ea e5       	ldi	r30, 0x5A	; 90
    14f4:	f0 e0       	ldi	r31, 0x00	; 0
    14f6:	80 81       	ld	r24, Z
    14f8:	80 62       	ori	r24, 0x20	; 32
    14fa:	8c 93       	st	X, r24
			break;
		default:
			break;
		}
	}
}
    14fc:	0f 90       	pop	r0
    14fe:	0f 90       	pop	r0
    1500:	0f 90       	pop	r0
    1502:	cf 91       	pop	r28
    1504:	df 91       	pop	r29
    1506:	08 95       	ret

00001508 <MEXTI_voidDisable>:

void MEXTI_voidDisable(EXTI_ID A_EXTI_ID){
    1508:	df 93       	push	r29
    150a:	cf 93       	push	r28
    150c:	00 d0       	rcall	.+0      	; 0x150e <MEXTI_voidDisable+0x6>
    150e:	0f 92       	push	r0
    1510:	cd b7       	in	r28, 0x3d	; 61
    1512:	de b7       	in	r29, 0x3e	; 62
    1514:	89 83       	std	Y+1, r24	; 0x01
	if (A_EXTI_ID <= EXTI2)
    1516:	89 81       	ldd	r24, Y+1	; 0x01
    1518:	83 30       	cpi	r24, 0x03	; 3
    151a:	50 f5       	brcc	.+84     	; 0x1570 <MEXTI_voidDisable+0x68>
	{
		switch (A_EXTI_ID)
    151c:	89 81       	ldd	r24, Y+1	; 0x01
    151e:	28 2f       	mov	r18, r24
    1520:	30 e0       	ldi	r19, 0x00	; 0
    1522:	3b 83       	std	Y+3, r19	; 0x03
    1524:	2a 83       	std	Y+2, r18	; 0x02
    1526:	8a 81       	ldd	r24, Y+2	; 0x02
    1528:	9b 81       	ldd	r25, Y+3	; 0x03
    152a:	81 30       	cpi	r24, 0x01	; 1
    152c:	91 05       	cpc	r25, r1
    152e:	89 f0       	breq	.+34     	; 0x1552 <MEXTI_voidDisable+0x4a>
    1530:	2a 81       	ldd	r18, Y+2	; 0x02
    1532:	3b 81       	ldd	r19, Y+3	; 0x03
    1534:	22 30       	cpi	r18, 0x02	; 2
    1536:	31 05       	cpc	r19, r1
    1538:	a1 f0       	breq	.+40     	; 0x1562 <MEXTI_voidDisable+0x5a>
    153a:	8a 81       	ldd	r24, Y+2	; 0x02
    153c:	9b 81       	ldd	r25, Y+3	; 0x03
    153e:	00 97       	sbiw	r24, 0x00	; 0
    1540:	b9 f4       	brne	.+46     	; 0x1570 <MEXTI_voidDisable+0x68>
		{
		case EXTI0:
			CLR_BIT(GICR, EXTI0_ENABLE_BIT);
    1542:	ab e5       	ldi	r26, 0x5B	; 91
    1544:	b0 e0       	ldi	r27, 0x00	; 0
    1546:	eb e5       	ldi	r30, 0x5B	; 91
    1548:	f0 e0       	ldi	r31, 0x00	; 0
    154a:	80 81       	ld	r24, Z
    154c:	8f 7b       	andi	r24, 0xBF	; 191
    154e:	8c 93       	st	X, r24
    1550:	0f c0       	rjmp	.+30     	; 0x1570 <MEXTI_voidDisable+0x68>
			break;
		case EXTI1:
			CLR_BIT(GICR, EXTI1_ENABLE_BIT);
    1552:	ab e5       	ldi	r26, 0x5B	; 91
    1554:	b0 e0       	ldi	r27, 0x00	; 0
    1556:	eb e5       	ldi	r30, 0x5B	; 91
    1558:	f0 e0       	ldi	r31, 0x00	; 0
    155a:	80 81       	ld	r24, Z
    155c:	8f 77       	andi	r24, 0x7F	; 127
    155e:	8c 93       	st	X, r24
    1560:	07 c0       	rjmp	.+14     	; 0x1570 <MEXTI_voidDisable+0x68>
			break;
		case EXTI2:
			CLR_BIT(GICR, EXTI2_ENABLE_BIT);
    1562:	ab e5       	ldi	r26, 0x5B	; 91
    1564:	b0 e0       	ldi	r27, 0x00	; 0
    1566:	eb e5       	ldi	r30, 0x5B	; 91
    1568:	f0 e0       	ldi	r31, 0x00	; 0
    156a:	80 81       	ld	r24, Z
    156c:	8f 7d       	andi	r24, 0xDF	; 223
    156e:	8c 93       	st	X, r24
			break;
		default:
			break;
		}
	}
}
    1570:	0f 90       	pop	r0
    1572:	0f 90       	pop	r0
    1574:	0f 90       	pop	r0
    1576:	cf 91       	pop	r28
    1578:	df 91       	pop	r29
    157a:	08 95       	ret

0000157c <MEXTI_voidSetCallBack>:

void MEXTI_voidSetCallBack(EXTI_ID A_EXTI_ID, void (* PTRTOFunction)(void)){
    157c:	df 93       	push	r29
    157e:	cf 93       	push	r28
    1580:	00 d0       	rcall	.+0      	; 0x1582 <MEXTI_voidSetCallBack+0x6>
    1582:	00 d0       	rcall	.+0      	; 0x1584 <MEXTI_voidSetCallBack+0x8>
    1584:	0f 92       	push	r0
    1586:	cd b7       	in	r28, 0x3d	; 61
    1588:	de b7       	in	r29, 0x3e	; 62
    158a:	89 83       	std	Y+1, r24	; 0x01
    158c:	7b 83       	std	Y+3, r23	; 0x03
    158e:	6a 83       	std	Y+2, r22	; 0x02
	if ((A_EXTI_ID <= EXTI2) && (PTRTOFunction != NULL))
    1590:	89 81       	ldd	r24, Y+1	; 0x01
    1592:	83 30       	cpi	r24, 0x03	; 3
    1594:	58 f5       	brcc	.+86     	; 0x15ec <MEXTI_voidSetCallBack+0x70>
    1596:	8a 81       	ldd	r24, Y+2	; 0x02
    1598:	9b 81       	ldd	r25, Y+3	; 0x03
    159a:	00 97       	sbiw	r24, 0x00	; 0
    159c:	39 f1       	breq	.+78     	; 0x15ec <MEXTI_voidSetCallBack+0x70>
	{
		switch (A_EXTI_ID)
    159e:	89 81       	ldd	r24, Y+1	; 0x01
    15a0:	28 2f       	mov	r18, r24
    15a2:	30 e0       	ldi	r19, 0x00	; 0
    15a4:	3d 83       	std	Y+5, r19	; 0x05
    15a6:	2c 83       	std	Y+4, r18	; 0x04
    15a8:	8c 81       	ldd	r24, Y+4	; 0x04
    15aa:	9d 81       	ldd	r25, Y+5	; 0x05
    15ac:	81 30       	cpi	r24, 0x01	; 1
    15ae:	91 05       	cpc	r25, r1
    15b0:	81 f0       	breq	.+32     	; 0x15d2 <MEXTI_voidSetCallBack+0x56>
    15b2:	2c 81       	ldd	r18, Y+4	; 0x04
    15b4:	3d 81       	ldd	r19, Y+5	; 0x05
    15b6:	22 30       	cpi	r18, 0x02	; 2
    15b8:	31 05       	cpc	r19, r1
    15ba:	91 f0       	breq	.+36     	; 0x15e0 <MEXTI_voidSetCallBack+0x64>
    15bc:	8c 81       	ldd	r24, Y+4	; 0x04
    15be:	9d 81       	ldd	r25, Y+5	; 0x05
    15c0:	00 97       	sbiw	r24, 0x00	; 0
    15c2:	a1 f4       	brne	.+40     	; 0x15ec <MEXTI_voidSetCallBack+0x70>
		{
		case EXTI0:
			EXTI0_Callback = PTRTOFunction;
    15c4:	8a 81       	ldd	r24, Y+2	; 0x02
    15c6:	9b 81       	ldd	r25, Y+3	; 0x03
    15c8:	90 93 81 00 	sts	0x0081, r25
    15cc:	80 93 80 00 	sts	0x0080, r24
    15d0:	0d c0       	rjmp	.+26     	; 0x15ec <MEXTI_voidSetCallBack+0x70>
			break;
		case EXTI1:
			EXTI1_Callback = PTRTOFunction;
    15d2:	8a 81       	ldd	r24, Y+2	; 0x02
    15d4:	9b 81       	ldd	r25, Y+3	; 0x03
    15d6:	90 93 83 00 	sts	0x0083, r25
    15da:	80 93 82 00 	sts	0x0082, r24
    15de:	06 c0       	rjmp	.+12     	; 0x15ec <MEXTI_voidSetCallBack+0x70>
			break;
		case EXTI2:
			EXTI2_Callback = PTRTOFunction;
    15e0:	8a 81       	ldd	r24, Y+2	; 0x02
    15e2:	9b 81       	ldd	r25, Y+3	; 0x03
    15e4:	90 93 85 00 	sts	0x0085, r25
    15e8:	80 93 84 00 	sts	0x0084, r24
			break;
		default:
			break;
		}
	}
}
    15ec:	0f 90       	pop	r0
    15ee:	0f 90       	pop	r0
    15f0:	0f 90       	pop	r0
    15f2:	0f 90       	pop	r0
    15f4:	0f 90       	pop	r0
    15f6:	cf 91       	pop	r28
    15f8:	df 91       	pop	r29
    15fa:	08 95       	ret

000015fc <__vector_1>:

ISR(INT0_vect) {
    15fc:	1f 92       	push	r1
    15fe:	0f 92       	push	r0
    1600:	0f b6       	in	r0, 0x3f	; 63
    1602:	0f 92       	push	r0
    1604:	11 24       	eor	r1, r1
    1606:	2f 93       	push	r18
    1608:	3f 93       	push	r19
    160a:	4f 93       	push	r20
    160c:	5f 93       	push	r21
    160e:	6f 93       	push	r22
    1610:	7f 93       	push	r23
    1612:	8f 93       	push	r24
    1614:	9f 93       	push	r25
    1616:	af 93       	push	r26
    1618:	bf 93       	push	r27
    161a:	ef 93       	push	r30
    161c:	ff 93       	push	r31
    161e:	df 93       	push	r29
    1620:	cf 93       	push	r28
    1622:	cd b7       	in	r28, 0x3d	; 61
    1624:	de b7       	in	r29, 0x3e	; 62
	if (EXTI0_Callback != NULL)
    1626:	80 91 80 00 	lds	r24, 0x0080
    162a:	90 91 81 00 	lds	r25, 0x0081
    162e:	00 97       	sbiw	r24, 0x00	; 0
    1630:	29 f0       	breq	.+10     	; 0x163c <__vector_1+0x40>
	{
		EXTI0_Callback();
    1632:	e0 91 80 00 	lds	r30, 0x0080
    1636:	f0 91 81 00 	lds	r31, 0x0081
    163a:	09 95       	icall
	}
}
    163c:	cf 91       	pop	r28
    163e:	df 91       	pop	r29
    1640:	ff 91       	pop	r31
    1642:	ef 91       	pop	r30
    1644:	bf 91       	pop	r27
    1646:	af 91       	pop	r26
    1648:	9f 91       	pop	r25
    164a:	8f 91       	pop	r24
    164c:	7f 91       	pop	r23
    164e:	6f 91       	pop	r22
    1650:	5f 91       	pop	r21
    1652:	4f 91       	pop	r20
    1654:	3f 91       	pop	r19
    1656:	2f 91       	pop	r18
    1658:	0f 90       	pop	r0
    165a:	0f be       	out	0x3f, r0	; 63
    165c:	0f 90       	pop	r0
    165e:	1f 90       	pop	r1
    1660:	18 95       	reti

00001662 <__vector_2>:

ISR(INT1_vect) {
    1662:	1f 92       	push	r1
    1664:	0f 92       	push	r0
    1666:	0f b6       	in	r0, 0x3f	; 63
    1668:	0f 92       	push	r0
    166a:	11 24       	eor	r1, r1
    166c:	2f 93       	push	r18
    166e:	3f 93       	push	r19
    1670:	4f 93       	push	r20
    1672:	5f 93       	push	r21
    1674:	6f 93       	push	r22
    1676:	7f 93       	push	r23
    1678:	8f 93       	push	r24
    167a:	9f 93       	push	r25
    167c:	af 93       	push	r26
    167e:	bf 93       	push	r27
    1680:	ef 93       	push	r30
    1682:	ff 93       	push	r31
    1684:	df 93       	push	r29
    1686:	cf 93       	push	r28
    1688:	cd b7       	in	r28, 0x3d	; 61
    168a:	de b7       	in	r29, 0x3e	; 62
	if (EXTI1_Callback != NULL)
    168c:	80 91 82 00 	lds	r24, 0x0082
    1690:	90 91 83 00 	lds	r25, 0x0083
    1694:	00 97       	sbiw	r24, 0x00	; 0
    1696:	29 f0       	breq	.+10     	; 0x16a2 <__vector_2+0x40>
	{
		EXTI1_Callback();
    1698:	e0 91 82 00 	lds	r30, 0x0082
    169c:	f0 91 83 00 	lds	r31, 0x0083
    16a0:	09 95       	icall
	}
}
    16a2:	cf 91       	pop	r28
    16a4:	df 91       	pop	r29
    16a6:	ff 91       	pop	r31
    16a8:	ef 91       	pop	r30
    16aa:	bf 91       	pop	r27
    16ac:	af 91       	pop	r26
    16ae:	9f 91       	pop	r25
    16b0:	8f 91       	pop	r24
    16b2:	7f 91       	pop	r23
    16b4:	6f 91       	pop	r22
    16b6:	5f 91       	pop	r21
    16b8:	4f 91       	pop	r20
    16ba:	3f 91       	pop	r19
    16bc:	2f 91       	pop	r18
    16be:	0f 90       	pop	r0
    16c0:	0f be       	out	0x3f, r0	; 63
    16c2:	0f 90       	pop	r0
    16c4:	1f 90       	pop	r1
    16c6:	18 95       	reti

000016c8 <__vector_3>:

ISR(INT2_vect) {
    16c8:	1f 92       	push	r1
    16ca:	0f 92       	push	r0
    16cc:	0f b6       	in	r0, 0x3f	; 63
    16ce:	0f 92       	push	r0
    16d0:	11 24       	eor	r1, r1
    16d2:	2f 93       	push	r18
    16d4:	3f 93       	push	r19
    16d6:	4f 93       	push	r20
    16d8:	5f 93       	push	r21
    16da:	6f 93       	push	r22
    16dc:	7f 93       	push	r23
    16de:	8f 93       	push	r24
    16e0:	9f 93       	push	r25
    16e2:	af 93       	push	r26
    16e4:	bf 93       	push	r27
    16e6:	ef 93       	push	r30
    16e8:	ff 93       	push	r31
    16ea:	df 93       	push	r29
    16ec:	cf 93       	push	r28
    16ee:	cd b7       	in	r28, 0x3d	; 61
    16f0:	de b7       	in	r29, 0x3e	; 62
	if (EXTI2_Callback != NULL)
    16f2:	80 91 84 00 	lds	r24, 0x0084
    16f6:	90 91 85 00 	lds	r25, 0x0085
    16fa:	00 97       	sbiw	r24, 0x00	; 0
    16fc:	29 f0       	breq	.+10     	; 0x1708 <__vector_3+0x40>
	{
		EXTI2_Callback();
    16fe:	e0 91 84 00 	lds	r30, 0x0084
    1702:	f0 91 85 00 	lds	r31, 0x0085
    1706:	09 95       	icall
	}
}
    1708:	cf 91       	pop	r28
    170a:	df 91       	pop	r29
    170c:	ff 91       	pop	r31
    170e:	ef 91       	pop	r30
    1710:	bf 91       	pop	r27
    1712:	af 91       	pop	r26
    1714:	9f 91       	pop	r25
    1716:	8f 91       	pop	r24
    1718:	7f 91       	pop	r23
    171a:	6f 91       	pop	r22
    171c:	5f 91       	pop	r21
    171e:	4f 91       	pop	r20
    1720:	3f 91       	pop	r19
    1722:	2f 91       	pop	r18
    1724:	0f 90       	pop	r0
    1726:	0f be       	out	0x3f, r0	; 63
    1728:	0f 90       	pop	r0
    172a:	1f 90       	pop	r1
    172c:	18 95       	reti

0000172e <MGI_voidEnable>:

#include "../INCLUDE/MCAL/GIE/GIE_CFG.h"
#include "../INCLUDE/MCAL/GIE/GIE_INTERFACE.h"
#include "../INCLUDE/MCAL/GIE/GIE_PRIVATE.h"

void MGI_voidEnable(void) {
    172e:	df 93       	push	r29
    1730:	cf 93       	push	r28
    1732:	cd b7       	in	r28, 0x3d	; 61
    1734:	de b7       	in	r29, 0x3e	; 62
	SET_BIT(SREG, GI_ENABLE_BIT);
    1736:	af e5       	ldi	r26, 0x5F	; 95
    1738:	b0 e0       	ldi	r27, 0x00	; 0
    173a:	ef e5       	ldi	r30, 0x5F	; 95
    173c:	f0 e0       	ldi	r31, 0x00	; 0
    173e:	80 81       	ld	r24, Z
    1740:	80 68       	ori	r24, 0x80	; 128
    1742:	8c 93       	st	X, r24
}
    1744:	cf 91       	pop	r28
    1746:	df 91       	pop	r29
    1748:	08 95       	ret

0000174a <MGI_voidDisable>:

void MGI_voidDisable(void) {
    174a:	df 93       	push	r29
    174c:	cf 93       	push	r28
    174e:	cd b7       	in	r28, 0x3d	; 61
    1750:	de b7       	in	r29, 0x3e	; 62
	CLR_BIT(SREG, GI_ENABLE_BIT);
    1752:	af e5       	ldi	r26, 0x5F	; 95
    1754:	b0 e0       	ldi	r27, 0x00	; 0
    1756:	ef e5       	ldi	r30, 0x5F	; 95
    1758:	f0 e0       	ldi	r31, 0x00	; 0
    175a:	80 81       	ld	r24, Z
    175c:	8f 77       	andi	r24, 0x7F	; 127
    175e:	8c 93       	st	X, r24
}
    1760:	cf 91       	pop	r28
    1762:	df 91       	pop	r29
    1764:	08 95       	ret

00001766 <HKEYPAD_u8GetPressedKey>:

u8 static G_u8ArrofRows[ROW_NO]=KEYPAD_ROWS;
u8 static G_u8ArrofCols[COL_NO]=KEYPAD_COLS;

u8 HKEYPAD_u8GetPressedKey(void)
{
    1766:	df 93       	push	r29
    1768:	cf 93       	push	r28
    176a:	cd b7       	in	r28, 0x3d	; 61
    176c:	de b7       	in	r29, 0x3e	; 62
    176e:	63 97       	sbiw	r28, 0x13	; 19
    1770:	0f b6       	in	r0, 0x3f	; 63
    1772:	f8 94       	cli
    1774:	de bf       	out	0x3e, r29	; 62
    1776:	0f be       	out	0x3f, r0	; 63
    1778:	cd bf       	out	0x3d, r28	; 61
	u8 L_u8KeyValue= KEY_NOT_PRESSED;
    177a:	81 e0       	ldi	r24, 0x01	; 1
    177c:	8b 8b       	std	Y+19, r24	; 0x13
	u8 L_u8RowCounter=0,L_u8ColCounter=0 ,L_u8PinValue, L_u8Flag=Flag_DOWN;
    177e:	1a 8a       	std	Y+18, r1	; 0x12
    1780:	19 8a       	std	Y+17, r1	; 0x11
    1782:	1f 86       	std	Y+15, r1	; 0x0f

	for(L_u8RowCounter=0; L_u8RowCounter<ROW_NO;L_u8RowCounter++){
    1784:	1a 8a       	std	Y+18, r1	; 0x12
    1786:	dd c0       	rjmp	.+442    	; 0x1942 <HKEYPAD_u8GetPressedKey+0x1dc>
		/*L_u8PinValue*/  MDIO_voidSetPinValue(KEYPAD_PORT,G_u8ArrofRows[L_u8RowCounter],KEYPAD_PRESSED);
    1788:	8a 89       	ldd	r24, Y+18	; 0x12
    178a:	88 2f       	mov	r24, r24
    178c:	90 e0       	ldi	r25, 0x00	; 0
    178e:	fc 01       	movw	r30, r24
    1790:	e8 58       	subi	r30, 0x88	; 136
    1792:	ff 4f       	sbci	r31, 0xFF	; 255
    1794:	90 81       	ld	r25, Z
    1796:	81 e0       	ldi	r24, 0x01	; 1
    1798:	69 2f       	mov	r22, r25
    179a:	40 e0       	ldi	r20, 0x00	; 0
    179c:	0e 94 ec 06 	call	0xdd8	; 0xdd8 <MDIO_voidSetPinValue>
		for(L_u8ColCounter=0; L_u8ColCounter<COL_NO;L_u8ColCounter++){
    17a0:	19 8a       	std	Y+17, r1	; 0x11
    17a2:	b9 c0       	rjmp	.+370    	; 0x1916 <HKEYPAD_u8GetPressedKey+0x1b0>
			L_u8PinValue= MDIO_PinstatusGetPinValue(KEYPAD_PORT,G_u8ArrofCols[L_u8ColCounter]);
    17a4:	89 89       	ldd	r24, Y+17	; 0x11
    17a6:	88 2f       	mov	r24, r24
    17a8:	90 e0       	ldi	r25, 0x00	; 0
    17aa:	fc 01       	movw	r30, r24
    17ac:	e4 58       	subi	r30, 0x84	; 132
    17ae:	ff 4f       	sbci	r31, 0xFF	; 255
    17b0:	90 81       	ld	r25, Z
    17b2:	81 e0       	ldi	r24, 0x01	; 1
    17b4:	69 2f       	mov	r22, r25
    17b6:	0e 94 1b 09 	call	0x1236	; 0x1236 <MDIO_PinstatusGetPinValue>
    17ba:	88 8b       	std	Y+16, r24	; 0x10
			if(L_u8PinValue==KEYPAD_PRESSED){
    17bc:	88 89       	ldd	r24, Y+16	; 0x10
    17be:	88 23       	and	r24, r24
    17c0:	09 f0       	breq	.+2      	; 0x17c4 <HKEYPAD_u8GetPressedKey+0x5e>
    17c2:	a6 c0       	rjmp	.+332    	; 0x1910 <HKEYPAD_u8GetPressedKey+0x1aa>
    17c4:	80 e0       	ldi	r24, 0x00	; 0
    17c6:	90 e0       	ldi	r25, 0x00	; 0
    17c8:	a0 ef       	ldi	r26, 0xF0	; 240
    17ca:	b1 e4       	ldi	r27, 0x41	; 65
    17cc:	8b 87       	std	Y+11, r24	; 0x0b
    17ce:	9c 87       	std	Y+12, r25	; 0x0c
    17d0:	ad 87       	std	Y+13, r26	; 0x0d
    17d2:	be 87       	std	Y+14, r27	; 0x0e
 */
void
_delay_ms(double __ms)
{
	uint16_t __ticks;
	double __tmp = ((F_CPU) / 4e3) * __ms;
    17d4:	6b 85       	ldd	r22, Y+11	; 0x0b
    17d6:	7c 85       	ldd	r23, Y+12	; 0x0c
    17d8:	8d 85       	ldd	r24, Y+13	; 0x0d
    17da:	9e 85       	ldd	r25, Y+14	; 0x0e
    17dc:	20 e0       	ldi	r18, 0x00	; 0
    17de:	30 e0       	ldi	r19, 0x00	; 0
    17e0:	4a e7       	ldi	r20, 0x7A	; 122
    17e2:	55 e4       	ldi	r21, 0x45	; 69
    17e4:	0e 94 1f 02 	call	0x43e	; 0x43e <__mulsf3>
    17e8:	dc 01       	movw	r26, r24
    17ea:	cb 01       	movw	r24, r22
    17ec:	8f 83       	std	Y+7, r24	; 0x07
    17ee:	98 87       	std	Y+8, r25	; 0x08
    17f0:	a9 87       	std	Y+9, r26	; 0x09
    17f2:	ba 87       	std	Y+10, r27	; 0x0a
	if (__tmp < 1.0)
    17f4:	6f 81       	ldd	r22, Y+7	; 0x07
    17f6:	78 85       	ldd	r23, Y+8	; 0x08
    17f8:	89 85       	ldd	r24, Y+9	; 0x09
    17fa:	9a 85       	ldd	r25, Y+10	; 0x0a
    17fc:	20 e0       	ldi	r18, 0x00	; 0
    17fe:	30 e0       	ldi	r19, 0x00	; 0
    1800:	40 e8       	ldi	r20, 0x80	; 128
    1802:	5f e3       	ldi	r21, 0x3F	; 63
    1804:	0e 94 79 03 	call	0x6f2	; 0x6f2 <__ltsf2>
    1808:	88 23       	and	r24, r24
    180a:	2c f4       	brge	.+10     	; 0x1816 <HKEYPAD_u8GetPressedKey+0xb0>
		__ticks = 1;
    180c:	81 e0       	ldi	r24, 0x01	; 1
    180e:	90 e0       	ldi	r25, 0x00	; 0
    1810:	9e 83       	std	Y+6, r25	; 0x06
    1812:	8d 83       	std	Y+5, r24	; 0x05
    1814:	3f c0       	rjmp	.+126    	; 0x1894 <HKEYPAD_u8GetPressedKey+0x12e>
	else if (__tmp > 65535)
    1816:	6f 81       	ldd	r22, Y+7	; 0x07
    1818:	78 85       	ldd	r23, Y+8	; 0x08
    181a:	89 85       	ldd	r24, Y+9	; 0x09
    181c:	9a 85       	ldd	r25, Y+10	; 0x0a
    181e:	20 e0       	ldi	r18, 0x00	; 0
    1820:	3f ef       	ldi	r19, 0xFF	; 255
    1822:	4f e7       	ldi	r20, 0x7F	; 127
    1824:	57 e4       	ldi	r21, 0x47	; 71
    1826:	0e 94 19 03 	call	0x632	; 0x632 <__gtsf2>
    182a:	18 16       	cp	r1, r24
    182c:	4c f5       	brge	.+82     	; 0x1880 <HKEYPAD_u8GetPressedKey+0x11a>
	{
		//	__ticks = requested delay in 1/10 ms
		__ticks = (uint16_t) (__ms * 10.0);
    182e:	6b 85       	ldd	r22, Y+11	; 0x0b
    1830:	7c 85       	ldd	r23, Y+12	; 0x0c
    1832:	8d 85       	ldd	r24, Y+13	; 0x0d
    1834:	9e 85       	ldd	r25, Y+14	; 0x0e
    1836:	20 e0       	ldi	r18, 0x00	; 0
    1838:	30 e0       	ldi	r19, 0x00	; 0
    183a:	40 e2       	ldi	r20, 0x20	; 32
    183c:	51 e4       	ldi	r21, 0x41	; 65
    183e:	0e 94 1f 02 	call	0x43e	; 0x43e <__mulsf3>
    1842:	dc 01       	movw	r26, r24
    1844:	cb 01       	movw	r24, r22
    1846:	bc 01       	movw	r22, r24
    1848:	cd 01       	movw	r24, r26
    184a:	0e 94 49 00 	call	0x92	; 0x92 <__fixunssfsi>
    184e:	dc 01       	movw	r26, r24
    1850:	cb 01       	movw	r24, r22
    1852:	9e 83       	std	Y+6, r25	; 0x06
    1854:	8d 83       	std	Y+5, r24	; 0x05
    1856:	0f c0       	rjmp	.+30     	; 0x1876 <HKEYPAD_u8GetPressedKey+0x110>
    1858:	80 e9       	ldi	r24, 0x90	; 144
    185a:	91 e0       	ldi	r25, 0x01	; 1
    185c:	9c 83       	std	Y+4, r25	; 0x04
    185e:	8b 83       	std	Y+3, r24	; 0x03
    milliseconds can be achieved.
 */
void
_delay_loop_2(uint16_t __count)
{
	__asm__ volatile (
    1860:	8b 81       	ldd	r24, Y+3	; 0x03
    1862:	9c 81       	ldd	r25, Y+4	; 0x04
    1864:	01 97       	sbiw	r24, 0x01	; 1
    1866:	f1 f7       	brne	.-4      	; 0x1864 <HKEYPAD_u8GetPressedKey+0xfe>
    1868:	9c 83       	std	Y+4, r25	; 0x04
    186a:	8b 83       	std	Y+3, r24	; 0x03
		while(__ticks)
		{
			// wait 1/10 ms
			_delay_loop_2(((F_CPU) / 4e3) / 10);
			__ticks --;
    186c:	8d 81       	ldd	r24, Y+5	; 0x05
    186e:	9e 81       	ldd	r25, Y+6	; 0x06
    1870:	01 97       	sbiw	r24, 0x01	; 1
    1872:	9e 83       	std	Y+6, r25	; 0x06
    1874:	8d 83       	std	Y+5, r24	; 0x05
		__ticks = 1;
	else if (__tmp > 65535)
	{
		//	__ticks = requested delay in 1/10 ms
		__ticks = (uint16_t) (__ms * 10.0);
		while(__ticks)
    1876:	8d 81       	ldd	r24, Y+5	; 0x05
    1878:	9e 81       	ldd	r25, Y+6	; 0x06
    187a:	00 97       	sbiw	r24, 0x00	; 0
    187c:	69 f7       	brne	.-38     	; 0x1858 <HKEYPAD_u8GetPressedKey+0xf2>
    187e:	14 c0       	rjmp	.+40     	; 0x18a8 <HKEYPAD_u8GetPressedKey+0x142>
			__ticks --;
		}
		return;
	}
	else
		__ticks = (uint16_t)__tmp;
    1880:	6f 81       	ldd	r22, Y+7	; 0x07
    1882:	78 85       	ldd	r23, Y+8	; 0x08
    1884:	89 85       	ldd	r24, Y+9	; 0x09
    1886:	9a 85       	ldd	r25, Y+10	; 0x0a
    1888:	0e 94 49 00 	call	0x92	; 0x92 <__fixunssfsi>
    188c:	dc 01       	movw	r26, r24
    188e:	cb 01       	movw	r24, r22
    1890:	9e 83       	std	Y+6, r25	; 0x06
    1892:	8d 83       	std	Y+5, r24	; 0x05
    1894:	8d 81       	ldd	r24, Y+5	; 0x05
    1896:	9e 81       	ldd	r25, Y+6	; 0x06
    1898:	9a 83       	std	Y+2, r25	; 0x02
    189a:	89 83       	std	Y+1, r24	; 0x01
    189c:	89 81       	ldd	r24, Y+1	; 0x01
    189e:	9a 81       	ldd	r25, Y+2	; 0x02
    18a0:	01 97       	sbiw	r24, 0x01	; 1
    18a2:	f1 f7       	brne	.-4      	; 0x18a0 <HKEYPAD_u8GetPressedKey+0x13a>
    18a4:	9a 83       	std	Y+2, r25	; 0x02
    18a6:	89 83       	std	Y+1, r24	; 0x01
				_delay_ms(KEYPAD_DEBOUNCE_DELAY);
				L_u8PinValue= MDIO_PinstatusGetPinValue(KEYPAD_PORT,G_u8ArrofCols[L_u8ColCounter]);
    18a8:	89 89       	ldd	r24, Y+17	; 0x11
    18aa:	88 2f       	mov	r24, r24
    18ac:	90 e0       	ldi	r25, 0x00	; 0
    18ae:	fc 01       	movw	r30, r24
    18b0:	e4 58       	subi	r30, 0x84	; 132
    18b2:	ff 4f       	sbci	r31, 0xFF	; 255
    18b4:	90 81       	ld	r25, Z
    18b6:	81 e0       	ldi	r24, 0x01	; 1
    18b8:	69 2f       	mov	r22, r25
    18ba:	0e 94 1b 09 	call	0x1236	; 0x1236 <MDIO_PinstatusGetPinValue>
    18be:	88 8b       	std	Y+16, r24	; 0x10
				if(L_u8PinValue==KEYPAD_PRESSED){
    18c0:	88 89       	ldd	r24, Y+16	; 0x10
    18c2:	88 23       	and	r24, r24
    18c4:	29 f5       	brne	.+74     	; 0x1910 <HKEYPAD_u8GetPressedKey+0x1aa>
    18c6:	0c c0       	rjmp	.+24     	; 0x18e0 <HKEYPAD_u8GetPressedKey+0x17a>
								while(L_u8PinValue==KEYPAD_PRESSED){
									L_u8PinValue= MDIO_PinstatusGetPinValue(KEYPAD_PORT,G_u8ArrofCols[L_u8ColCounter]);
    18c8:	89 89       	ldd	r24, Y+17	; 0x11
    18ca:	88 2f       	mov	r24, r24
    18cc:	90 e0       	ldi	r25, 0x00	; 0
    18ce:	fc 01       	movw	r30, r24
    18d0:	e4 58       	subi	r30, 0x84	; 132
    18d2:	ff 4f       	sbci	r31, 0xFF	; 255
    18d4:	90 81       	ld	r25, Z
    18d6:	81 e0       	ldi	r24, 0x01	; 1
    18d8:	69 2f       	mov	r22, r25
    18da:	0e 94 1b 09 	call	0x1236	; 0x1236 <MDIO_PinstatusGetPinValue>
    18de:	88 8b       	std	Y+16, r24	; 0x10
			L_u8PinValue= MDIO_PinstatusGetPinValue(KEYPAD_PORT,G_u8ArrofCols[L_u8ColCounter]);
			if(L_u8PinValue==KEYPAD_PRESSED){
				_delay_ms(KEYPAD_DEBOUNCE_DELAY);
				L_u8PinValue= MDIO_PinstatusGetPinValue(KEYPAD_PORT,G_u8ArrofCols[L_u8ColCounter]);
				if(L_u8PinValue==KEYPAD_PRESSED){
								while(L_u8PinValue==KEYPAD_PRESSED){
    18e0:	88 89       	ldd	r24, Y+16	; 0x10
    18e2:	88 23       	and	r24, r24
    18e4:	89 f3       	breq	.-30     	; 0x18c8 <HKEYPAD_u8GetPressedKey+0x162>
									L_u8PinValue= MDIO_PinstatusGetPinValue(KEYPAD_PORT,G_u8ArrofCols[L_u8ColCounter]);
								}
								L_u8KeyValue=Global_u8ArrOfKeyValues[L_u8RowCounter][L_u8ColCounter];
    18e6:	8a 89       	ldd	r24, Y+18	; 0x12
    18e8:	48 2f       	mov	r20, r24
    18ea:	50 e0       	ldi	r21, 0x00	; 0
    18ec:	89 89       	ldd	r24, Y+17	; 0x11
    18ee:	28 2f       	mov	r18, r24
    18f0:	30 e0       	ldi	r19, 0x00	; 0
    18f2:	ca 01       	movw	r24, r20
    18f4:	88 0f       	add	r24, r24
    18f6:	99 1f       	adc	r25, r25
    18f8:	88 0f       	add	r24, r24
    18fa:	99 1f       	adc	r25, r25
    18fc:	82 0f       	add	r24, r18
    18fe:	93 1f       	adc	r25, r19
    1900:	fc 01       	movw	r30, r24
    1902:	e8 59       	subi	r30, 0x98	; 152
    1904:	ff 4f       	sbci	r31, 0xFF	; 255
    1906:	80 81       	ld	r24, Z
    1908:	8b 8b       	std	Y+19, r24	; 0x13
								L_u8Flag=Flag_UP;
    190a:	81 e0       	ldi	r24, 0x01	; 1
    190c:	8f 87       	std	Y+15, r24	; 0x0f
    190e:	07 c0       	rjmp	.+14     	; 0x191e <HKEYPAD_u8GetPressedKey+0x1b8>
	u8 L_u8KeyValue= KEY_NOT_PRESSED;
	u8 L_u8RowCounter=0,L_u8ColCounter=0 ,L_u8PinValue, L_u8Flag=Flag_DOWN;

	for(L_u8RowCounter=0; L_u8RowCounter<ROW_NO;L_u8RowCounter++){
		/*L_u8PinValue*/  MDIO_voidSetPinValue(KEYPAD_PORT,G_u8ArrofRows[L_u8RowCounter],KEYPAD_PRESSED);
		for(L_u8ColCounter=0; L_u8ColCounter<COL_NO;L_u8ColCounter++){
    1910:	89 89       	ldd	r24, Y+17	; 0x11
    1912:	8f 5f       	subi	r24, 0xFF	; 255
    1914:	89 8b       	std	Y+17, r24	; 0x11
    1916:	89 89       	ldd	r24, Y+17	; 0x11
    1918:	84 30       	cpi	r24, 0x04	; 4
    191a:	08 f4       	brcc	.+2      	; 0x191e <HKEYPAD_u8GetPressedKey+0x1b8>
    191c:	43 cf       	rjmp	.-378    	; 0x17a4 <HKEYPAD_u8GetPressedKey+0x3e>
								break;

							}
			}
		}
        MDIO_voidSetPinValue(KEYPAD_PORT, G_u8ArrofRows[L_u8RowCounter], DIO_HIGH);
    191e:	8a 89       	ldd	r24, Y+18	; 0x12
    1920:	88 2f       	mov	r24, r24
    1922:	90 e0       	ldi	r25, 0x00	; 0
    1924:	fc 01       	movw	r30, r24
    1926:	e8 58       	subi	r30, 0x88	; 136
    1928:	ff 4f       	sbci	r31, 0xFF	; 255
    192a:	90 81       	ld	r25, Z
    192c:	81 e0       	ldi	r24, 0x01	; 1
    192e:	69 2f       	mov	r22, r25
    1930:	41 e0       	ldi	r20, 0x01	; 1
    1932:	0e 94 ec 06 	call	0xdd8	; 0xdd8 <MDIO_voidSetPinValue>
        if (L_u8Flag==Flag_UP)
    1936:	8f 85       	ldd	r24, Y+15	; 0x0f
    1938:	81 30       	cpi	r24, 0x01	; 1
    193a:	39 f0       	breq	.+14     	; 0x194a <HKEYPAD_u8GetPressedKey+0x1e4>
u8 HKEYPAD_u8GetPressedKey(void)
{
	u8 L_u8KeyValue= KEY_NOT_PRESSED;
	u8 L_u8RowCounter=0,L_u8ColCounter=0 ,L_u8PinValue, L_u8Flag=Flag_DOWN;

	for(L_u8RowCounter=0; L_u8RowCounter<ROW_NO;L_u8RowCounter++){
    193c:	8a 89       	ldd	r24, Y+18	; 0x12
    193e:	8f 5f       	subi	r24, 0xFF	; 255
    1940:	8a 8b       	std	Y+18, r24	; 0x12
    1942:	8a 89       	ldd	r24, Y+18	; 0x12
    1944:	84 30       	cpi	r24, 0x04	; 4
    1946:	08 f4       	brcc	.+2      	; 0x194a <HKEYPAD_u8GetPressedKey+0x1e4>
    1948:	1f cf       	rjmp	.-450    	; 0x1788 <HKEYPAD_u8GetPressedKey+0x22>
        {
            break;
        }
        
	}
return L_u8KeyValue;
    194a:	8b 89       	ldd	r24, Y+19	; 0x13

}
    194c:	63 96       	adiw	r28, 0x13	; 19
    194e:	0f b6       	in	r0, 0x3f	; 63
    1950:	f8 94       	cli
    1952:	de bf       	out	0x3e, r29	; 62
    1954:	0f be       	out	0x3f, r0	; 63
    1956:	cd bf       	out	0x3d, r28	; 61
    1958:	cf 91       	pop	r28
    195a:	df 91       	pop	r29
    195c:	08 95       	ret

0000195e <HLCD_voidInit>:
#include "../INCLUDE/HAL/LCD/LCD_INTERFACE.h"
#include "../INCLUDE/HAL/LCD/LCD_PRIVATE.h"
#include "../INCLUDE/HAL/LCD/LCD_CFG.h"

void HLCD_voidInit(void)
{
    195e:	df 93       	push	r29
    1960:	cf 93       	push	r28
    1962:	cd b7       	in	r28, 0x3d	; 61
    1964:	de b7       	in	r29, 0x3e	; 62
    1966:	e8 97       	sbiw	r28, 0x38	; 56
    1968:	0f b6       	in	r0, 0x3f	; 63
    196a:	f8 94       	cli
    196c:	de bf       	out	0x3e, r29	; 62
    196e:	0f be       	out	0x3f, r0	; 63
    1970:	cd bf       	out	0x3d, r28	; 61
    1972:	80 e0       	ldi	r24, 0x00	; 0
    1974:	90 e0       	ldi	r25, 0x00	; 0
    1976:	a0 e0       	ldi	r26, 0x00	; 0
    1978:	b2 e4       	ldi	r27, 0x42	; 66
    197a:	8d ab       	std	Y+53, r24	; 0x35
    197c:	9e ab       	std	Y+54, r25	; 0x36
    197e:	af ab       	std	Y+55, r26	; 0x37
    1980:	b8 af       	std	Y+56, r27	; 0x38
 */
void
_delay_ms(double __ms)
{
	uint16_t __ticks;
	double __tmp = ((F_CPU) / 4e3) * __ms;
    1982:	6d a9       	ldd	r22, Y+53	; 0x35
    1984:	7e a9       	ldd	r23, Y+54	; 0x36
    1986:	8f a9       	ldd	r24, Y+55	; 0x37
    1988:	98 ad       	ldd	r25, Y+56	; 0x38
    198a:	20 e0       	ldi	r18, 0x00	; 0
    198c:	30 e0       	ldi	r19, 0x00	; 0
    198e:	4a e7       	ldi	r20, 0x7A	; 122
    1990:	55 e4       	ldi	r21, 0x45	; 69
    1992:	0e 94 1f 02 	call	0x43e	; 0x43e <__mulsf3>
    1996:	dc 01       	movw	r26, r24
    1998:	cb 01       	movw	r24, r22
    199a:	89 ab       	std	Y+49, r24	; 0x31
    199c:	9a ab       	std	Y+50, r25	; 0x32
    199e:	ab ab       	std	Y+51, r26	; 0x33
    19a0:	bc ab       	std	Y+52, r27	; 0x34
	if (__tmp < 1.0)
    19a2:	69 a9       	ldd	r22, Y+49	; 0x31
    19a4:	7a a9       	ldd	r23, Y+50	; 0x32
    19a6:	8b a9       	ldd	r24, Y+51	; 0x33
    19a8:	9c a9       	ldd	r25, Y+52	; 0x34
    19aa:	20 e0       	ldi	r18, 0x00	; 0
    19ac:	30 e0       	ldi	r19, 0x00	; 0
    19ae:	40 e8       	ldi	r20, 0x80	; 128
    19b0:	5f e3       	ldi	r21, 0x3F	; 63
    19b2:	0e 94 79 03 	call	0x6f2	; 0x6f2 <__ltsf2>
    19b6:	88 23       	and	r24, r24
    19b8:	2c f4       	brge	.+10     	; 0x19c4 <HLCD_voidInit+0x66>
		__ticks = 1;
    19ba:	81 e0       	ldi	r24, 0x01	; 1
    19bc:	90 e0       	ldi	r25, 0x00	; 0
    19be:	98 ab       	std	Y+48, r25	; 0x30
    19c0:	8f a7       	std	Y+47, r24	; 0x2f
    19c2:	3f c0       	rjmp	.+126    	; 0x1a42 <HLCD_voidInit+0xe4>
	else if (__tmp > 65535)
    19c4:	69 a9       	ldd	r22, Y+49	; 0x31
    19c6:	7a a9       	ldd	r23, Y+50	; 0x32
    19c8:	8b a9       	ldd	r24, Y+51	; 0x33
    19ca:	9c a9       	ldd	r25, Y+52	; 0x34
    19cc:	20 e0       	ldi	r18, 0x00	; 0
    19ce:	3f ef       	ldi	r19, 0xFF	; 255
    19d0:	4f e7       	ldi	r20, 0x7F	; 127
    19d2:	57 e4       	ldi	r21, 0x47	; 71
    19d4:	0e 94 19 03 	call	0x632	; 0x632 <__gtsf2>
    19d8:	18 16       	cp	r1, r24
    19da:	4c f5       	brge	.+82     	; 0x1a2e <HLCD_voidInit+0xd0>
	{
		//	__ticks = requested delay in 1/10 ms
		__ticks = (uint16_t) (__ms * 10.0);
    19dc:	6d a9       	ldd	r22, Y+53	; 0x35
    19de:	7e a9       	ldd	r23, Y+54	; 0x36
    19e0:	8f a9       	ldd	r24, Y+55	; 0x37
    19e2:	98 ad       	ldd	r25, Y+56	; 0x38
    19e4:	20 e0       	ldi	r18, 0x00	; 0
    19e6:	30 e0       	ldi	r19, 0x00	; 0
    19e8:	40 e2       	ldi	r20, 0x20	; 32
    19ea:	51 e4       	ldi	r21, 0x41	; 65
    19ec:	0e 94 1f 02 	call	0x43e	; 0x43e <__mulsf3>
    19f0:	dc 01       	movw	r26, r24
    19f2:	cb 01       	movw	r24, r22
    19f4:	bc 01       	movw	r22, r24
    19f6:	cd 01       	movw	r24, r26
    19f8:	0e 94 49 00 	call	0x92	; 0x92 <__fixunssfsi>
    19fc:	dc 01       	movw	r26, r24
    19fe:	cb 01       	movw	r24, r22
    1a00:	98 ab       	std	Y+48, r25	; 0x30
    1a02:	8f a7       	std	Y+47, r24	; 0x2f
    1a04:	0f c0       	rjmp	.+30     	; 0x1a24 <HLCD_voidInit+0xc6>
    1a06:	80 e9       	ldi	r24, 0x90	; 144
    1a08:	91 e0       	ldi	r25, 0x01	; 1
    1a0a:	9e a7       	std	Y+46, r25	; 0x2e
    1a0c:	8d a7       	std	Y+45, r24	; 0x2d
    1a0e:	8d a5       	ldd	r24, Y+45	; 0x2d
    1a10:	9e a5       	ldd	r25, Y+46	; 0x2e
    1a12:	01 97       	sbiw	r24, 0x01	; 1
    1a14:	f1 f7       	brne	.-4      	; 0x1a12 <HLCD_voidInit+0xb4>
    1a16:	9e a7       	std	Y+46, r25	; 0x2e
    1a18:	8d a7       	std	Y+45, r24	; 0x2d
		while(__ticks)
		{
			// wait 1/10 ms
			_delay_loop_2(((F_CPU) / 4e3) / 10);
			__ticks --;
    1a1a:	8f a5       	ldd	r24, Y+47	; 0x2f
    1a1c:	98 a9       	ldd	r25, Y+48	; 0x30
    1a1e:	01 97       	sbiw	r24, 0x01	; 1
    1a20:	98 ab       	std	Y+48, r25	; 0x30
    1a22:	8f a7       	std	Y+47, r24	; 0x2f
		__ticks = 1;
	else if (__tmp > 65535)
	{
		//	__ticks = requested delay in 1/10 ms
		__ticks = (uint16_t) (__ms * 10.0);
		while(__ticks)
    1a24:	8f a5       	ldd	r24, Y+47	; 0x2f
    1a26:	98 a9       	ldd	r25, Y+48	; 0x30
    1a28:	00 97       	sbiw	r24, 0x00	; 0
    1a2a:	69 f7       	brne	.-38     	; 0x1a06 <HLCD_voidInit+0xa8>
    1a2c:	14 c0       	rjmp	.+40     	; 0x1a56 <HLCD_voidInit+0xf8>
			__ticks --;
		}
		return;
	}
	else
		__ticks = (uint16_t)__tmp;
    1a2e:	69 a9       	ldd	r22, Y+49	; 0x31
    1a30:	7a a9       	ldd	r23, Y+50	; 0x32
    1a32:	8b a9       	ldd	r24, Y+51	; 0x33
    1a34:	9c a9       	ldd	r25, Y+52	; 0x34
    1a36:	0e 94 49 00 	call	0x92	; 0x92 <__fixunssfsi>
    1a3a:	dc 01       	movw	r26, r24
    1a3c:	cb 01       	movw	r24, r22
    1a3e:	98 ab       	std	Y+48, r25	; 0x30
    1a40:	8f a7       	std	Y+47, r24	; 0x2f
    1a42:	8f a5       	ldd	r24, Y+47	; 0x2f
    1a44:	98 a9       	ldd	r25, Y+48	; 0x30
    1a46:	9c a7       	std	Y+44, r25	; 0x2c
    1a48:	8b a7       	std	Y+43, r24	; 0x2b
    1a4a:	8b a5       	ldd	r24, Y+43	; 0x2b
    1a4c:	9c a5       	ldd	r25, Y+44	; 0x2c
    1a4e:	01 97       	sbiw	r24, 0x01	; 1
    1a50:	f1 f7       	brne	.-4      	; 0x1a4e <HLCD_voidInit+0xf0>
    1a52:	9c a7       	std	Y+44, r25	; 0x2c
    1a54:	8b a7       	std	Y+43, r24	; 0x2b
	//Wait for more the 30ms
	_delay_ms(32);
	//FUNCTION Set Command
	HLCD_voidSendCommand(FUNCTION_SET);
    1a56:	88 e3       	ldi	r24, 0x38	; 56
    1a58:	0e 94 96 0e 	call	0x1d2c	; 0x1d2c <HLCD_voidSendCommand>
    1a5c:	80 e0       	ldi	r24, 0x00	; 0
    1a5e:	90 e0       	ldi	r25, 0x00	; 0
    1a60:	a0 e8       	ldi	r26, 0x80	; 128
    1a62:	bf e3       	ldi	r27, 0x3F	; 63
    1a64:	8f a3       	std	Y+39, r24	; 0x27
    1a66:	98 a7       	std	Y+40, r25	; 0x28
    1a68:	a9 a7       	std	Y+41, r26	; 0x29
    1a6a:	ba a7       	std	Y+42, r27	; 0x2a
 */
void
_delay_ms(double __ms)
{
	uint16_t __ticks;
	double __tmp = ((F_CPU) / 4e3) * __ms;
    1a6c:	6f a1       	ldd	r22, Y+39	; 0x27
    1a6e:	78 a5       	ldd	r23, Y+40	; 0x28
    1a70:	89 a5       	ldd	r24, Y+41	; 0x29
    1a72:	9a a5       	ldd	r25, Y+42	; 0x2a
    1a74:	20 e0       	ldi	r18, 0x00	; 0
    1a76:	30 e0       	ldi	r19, 0x00	; 0
    1a78:	4a e7       	ldi	r20, 0x7A	; 122
    1a7a:	55 e4       	ldi	r21, 0x45	; 69
    1a7c:	0e 94 1f 02 	call	0x43e	; 0x43e <__mulsf3>
    1a80:	dc 01       	movw	r26, r24
    1a82:	cb 01       	movw	r24, r22
    1a84:	8b a3       	std	Y+35, r24	; 0x23
    1a86:	9c a3       	std	Y+36, r25	; 0x24
    1a88:	ad a3       	std	Y+37, r26	; 0x25
    1a8a:	be a3       	std	Y+38, r27	; 0x26
	if (__tmp < 1.0)
    1a8c:	6b a1       	ldd	r22, Y+35	; 0x23
    1a8e:	7c a1       	ldd	r23, Y+36	; 0x24
    1a90:	8d a1       	ldd	r24, Y+37	; 0x25
    1a92:	9e a1       	ldd	r25, Y+38	; 0x26
    1a94:	20 e0       	ldi	r18, 0x00	; 0
    1a96:	30 e0       	ldi	r19, 0x00	; 0
    1a98:	40 e8       	ldi	r20, 0x80	; 128
    1a9a:	5f e3       	ldi	r21, 0x3F	; 63
    1a9c:	0e 94 79 03 	call	0x6f2	; 0x6f2 <__ltsf2>
    1aa0:	88 23       	and	r24, r24
    1aa2:	2c f4       	brge	.+10     	; 0x1aae <HLCD_voidInit+0x150>
		__ticks = 1;
    1aa4:	81 e0       	ldi	r24, 0x01	; 1
    1aa6:	90 e0       	ldi	r25, 0x00	; 0
    1aa8:	9a a3       	std	Y+34, r25	; 0x22
    1aaa:	89 a3       	std	Y+33, r24	; 0x21
    1aac:	3f c0       	rjmp	.+126    	; 0x1b2c <HLCD_voidInit+0x1ce>
	else if (__tmp > 65535)
    1aae:	6b a1       	ldd	r22, Y+35	; 0x23
    1ab0:	7c a1       	ldd	r23, Y+36	; 0x24
    1ab2:	8d a1       	ldd	r24, Y+37	; 0x25
    1ab4:	9e a1       	ldd	r25, Y+38	; 0x26
    1ab6:	20 e0       	ldi	r18, 0x00	; 0
    1ab8:	3f ef       	ldi	r19, 0xFF	; 255
    1aba:	4f e7       	ldi	r20, 0x7F	; 127
    1abc:	57 e4       	ldi	r21, 0x47	; 71
    1abe:	0e 94 19 03 	call	0x632	; 0x632 <__gtsf2>
    1ac2:	18 16       	cp	r1, r24
    1ac4:	4c f5       	brge	.+82     	; 0x1b18 <HLCD_voidInit+0x1ba>
	{
		//	__ticks = requested delay in 1/10 ms
		__ticks = (uint16_t) (__ms * 10.0);
    1ac6:	6f a1       	ldd	r22, Y+39	; 0x27
    1ac8:	78 a5       	ldd	r23, Y+40	; 0x28
    1aca:	89 a5       	ldd	r24, Y+41	; 0x29
    1acc:	9a a5       	ldd	r25, Y+42	; 0x2a
    1ace:	20 e0       	ldi	r18, 0x00	; 0
    1ad0:	30 e0       	ldi	r19, 0x00	; 0
    1ad2:	40 e2       	ldi	r20, 0x20	; 32
    1ad4:	51 e4       	ldi	r21, 0x41	; 65
    1ad6:	0e 94 1f 02 	call	0x43e	; 0x43e <__mulsf3>
    1ada:	dc 01       	movw	r26, r24
    1adc:	cb 01       	movw	r24, r22
    1ade:	bc 01       	movw	r22, r24
    1ae0:	cd 01       	movw	r24, r26
    1ae2:	0e 94 49 00 	call	0x92	; 0x92 <__fixunssfsi>
    1ae6:	dc 01       	movw	r26, r24
    1ae8:	cb 01       	movw	r24, r22
    1aea:	9a a3       	std	Y+34, r25	; 0x22
    1aec:	89 a3       	std	Y+33, r24	; 0x21
    1aee:	0f c0       	rjmp	.+30     	; 0x1b0e <HLCD_voidInit+0x1b0>
    1af0:	80 e9       	ldi	r24, 0x90	; 144
    1af2:	91 e0       	ldi	r25, 0x01	; 1
    1af4:	98 a3       	std	Y+32, r25	; 0x20
    1af6:	8f 8f       	std	Y+31, r24	; 0x1f
    1af8:	8f 8d       	ldd	r24, Y+31	; 0x1f
    1afa:	98 a1       	ldd	r25, Y+32	; 0x20
    1afc:	01 97       	sbiw	r24, 0x01	; 1
    1afe:	f1 f7       	brne	.-4      	; 0x1afc <HLCD_voidInit+0x19e>
    1b00:	98 a3       	std	Y+32, r25	; 0x20
    1b02:	8f 8f       	std	Y+31, r24	; 0x1f
		while(__ticks)
		{
			// wait 1/10 ms
			_delay_loop_2(((F_CPU) / 4e3) / 10);
			__ticks --;
    1b04:	89 a1       	ldd	r24, Y+33	; 0x21
    1b06:	9a a1       	ldd	r25, Y+34	; 0x22
    1b08:	01 97       	sbiw	r24, 0x01	; 1
    1b0a:	9a a3       	std	Y+34, r25	; 0x22
    1b0c:	89 a3       	std	Y+33, r24	; 0x21
		__ticks = 1;
	else if (__tmp > 65535)
	{
		//	__ticks = requested delay in 1/10 ms
		__ticks = (uint16_t) (__ms * 10.0);
		while(__ticks)
    1b0e:	89 a1       	ldd	r24, Y+33	; 0x21
    1b10:	9a a1       	ldd	r25, Y+34	; 0x22
    1b12:	00 97       	sbiw	r24, 0x00	; 0
    1b14:	69 f7       	brne	.-38     	; 0x1af0 <HLCD_voidInit+0x192>
    1b16:	14 c0       	rjmp	.+40     	; 0x1b40 <HLCD_voidInit+0x1e2>
			__ticks --;
		}
		return;
	}
	else
		__ticks = (uint16_t)__tmp;
    1b18:	6b a1       	ldd	r22, Y+35	; 0x23
    1b1a:	7c a1       	ldd	r23, Y+36	; 0x24
    1b1c:	8d a1       	ldd	r24, Y+37	; 0x25
    1b1e:	9e a1       	ldd	r25, Y+38	; 0x26
    1b20:	0e 94 49 00 	call	0x92	; 0x92 <__fixunssfsi>
    1b24:	dc 01       	movw	r26, r24
    1b26:	cb 01       	movw	r24, r22
    1b28:	9a a3       	std	Y+34, r25	; 0x22
    1b2a:	89 a3       	std	Y+33, r24	; 0x21
    1b2c:	89 a1       	ldd	r24, Y+33	; 0x21
    1b2e:	9a a1       	ldd	r25, Y+34	; 0x22
    1b30:	9e 8f       	std	Y+30, r25	; 0x1e
    1b32:	8d 8f       	std	Y+29, r24	; 0x1d
    1b34:	8d 8d       	ldd	r24, Y+29	; 0x1d
    1b36:	9e 8d       	ldd	r25, Y+30	; 0x1e
    1b38:	01 97       	sbiw	r24, 0x01	; 1
    1b3a:	f1 f7       	brne	.-4      	; 0x1b38 <HLCD_voidInit+0x1da>
    1b3c:	9e 8f       	std	Y+30, r25	; 0x1e
    1b3e:	8d 8f       	std	Y+29, r24	; 0x1d
	//wait for more than 39 us
	_delay_ms(1);
	//Display on/off control
	HLCD_voidSendCommand(DISPLAY_ON_OFF_CONTROL);
    1b40:	8f e0       	ldi	r24, 0x0F	; 15
    1b42:	0e 94 96 0e 	call	0x1d2c	; 0x1d2c <HLCD_voidSendCommand>
    1b46:	80 e0       	ldi	r24, 0x00	; 0
    1b48:	90 e0       	ldi	r25, 0x00	; 0
    1b4a:	a0 e8       	ldi	r26, 0x80	; 128
    1b4c:	bf e3       	ldi	r27, 0x3F	; 63
    1b4e:	89 8f       	std	Y+25, r24	; 0x19
    1b50:	9a 8f       	std	Y+26, r25	; 0x1a
    1b52:	ab 8f       	std	Y+27, r26	; 0x1b
    1b54:	bc 8f       	std	Y+28, r27	; 0x1c
 */
void
_delay_ms(double __ms)
{
	uint16_t __ticks;
	double __tmp = ((F_CPU) / 4e3) * __ms;
    1b56:	69 8d       	ldd	r22, Y+25	; 0x19
    1b58:	7a 8d       	ldd	r23, Y+26	; 0x1a
    1b5a:	8b 8d       	ldd	r24, Y+27	; 0x1b
    1b5c:	9c 8d       	ldd	r25, Y+28	; 0x1c
    1b5e:	20 e0       	ldi	r18, 0x00	; 0
    1b60:	30 e0       	ldi	r19, 0x00	; 0
    1b62:	4a e7       	ldi	r20, 0x7A	; 122
    1b64:	55 e4       	ldi	r21, 0x45	; 69
    1b66:	0e 94 1f 02 	call	0x43e	; 0x43e <__mulsf3>
    1b6a:	dc 01       	movw	r26, r24
    1b6c:	cb 01       	movw	r24, r22
    1b6e:	8d 8b       	std	Y+21, r24	; 0x15
    1b70:	9e 8b       	std	Y+22, r25	; 0x16
    1b72:	af 8b       	std	Y+23, r26	; 0x17
    1b74:	b8 8f       	std	Y+24, r27	; 0x18
	if (__tmp < 1.0)
    1b76:	6d 89       	ldd	r22, Y+21	; 0x15
    1b78:	7e 89       	ldd	r23, Y+22	; 0x16
    1b7a:	8f 89       	ldd	r24, Y+23	; 0x17
    1b7c:	98 8d       	ldd	r25, Y+24	; 0x18
    1b7e:	20 e0       	ldi	r18, 0x00	; 0
    1b80:	30 e0       	ldi	r19, 0x00	; 0
    1b82:	40 e8       	ldi	r20, 0x80	; 128
    1b84:	5f e3       	ldi	r21, 0x3F	; 63
    1b86:	0e 94 79 03 	call	0x6f2	; 0x6f2 <__ltsf2>
    1b8a:	88 23       	and	r24, r24
    1b8c:	2c f4       	brge	.+10     	; 0x1b98 <HLCD_voidInit+0x23a>
		__ticks = 1;
    1b8e:	81 e0       	ldi	r24, 0x01	; 1
    1b90:	90 e0       	ldi	r25, 0x00	; 0
    1b92:	9c 8b       	std	Y+20, r25	; 0x14
    1b94:	8b 8b       	std	Y+19, r24	; 0x13
    1b96:	3f c0       	rjmp	.+126    	; 0x1c16 <HLCD_voidInit+0x2b8>
	else if (__tmp > 65535)
    1b98:	6d 89       	ldd	r22, Y+21	; 0x15
    1b9a:	7e 89       	ldd	r23, Y+22	; 0x16
    1b9c:	8f 89       	ldd	r24, Y+23	; 0x17
    1b9e:	98 8d       	ldd	r25, Y+24	; 0x18
    1ba0:	20 e0       	ldi	r18, 0x00	; 0
    1ba2:	3f ef       	ldi	r19, 0xFF	; 255
    1ba4:	4f e7       	ldi	r20, 0x7F	; 127
    1ba6:	57 e4       	ldi	r21, 0x47	; 71
    1ba8:	0e 94 19 03 	call	0x632	; 0x632 <__gtsf2>
    1bac:	18 16       	cp	r1, r24
    1bae:	4c f5       	brge	.+82     	; 0x1c02 <HLCD_voidInit+0x2a4>
	{
		//	__ticks = requested delay in 1/10 ms
		__ticks = (uint16_t) (__ms * 10.0);
    1bb0:	69 8d       	ldd	r22, Y+25	; 0x19
    1bb2:	7a 8d       	ldd	r23, Y+26	; 0x1a
    1bb4:	8b 8d       	ldd	r24, Y+27	; 0x1b
    1bb6:	9c 8d       	ldd	r25, Y+28	; 0x1c
    1bb8:	20 e0       	ldi	r18, 0x00	; 0
    1bba:	30 e0       	ldi	r19, 0x00	; 0
    1bbc:	40 e2       	ldi	r20, 0x20	; 32
    1bbe:	51 e4       	ldi	r21, 0x41	; 65
    1bc0:	0e 94 1f 02 	call	0x43e	; 0x43e <__mulsf3>
    1bc4:	dc 01       	movw	r26, r24
    1bc6:	cb 01       	movw	r24, r22
    1bc8:	bc 01       	movw	r22, r24
    1bca:	cd 01       	movw	r24, r26
    1bcc:	0e 94 49 00 	call	0x92	; 0x92 <__fixunssfsi>
    1bd0:	dc 01       	movw	r26, r24
    1bd2:	cb 01       	movw	r24, r22
    1bd4:	9c 8b       	std	Y+20, r25	; 0x14
    1bd6:	8b 8b       	std	Y+19, r24	; 0x13
    1bd8:	0f c0       	rjmp	.+30     	; 0x1bf8 <HLCD_voidInit+0x29a>
    1bda:	80 e9       	ldi	r24, 0x90	; 144
    1bdc:	91 e0       	ldi	r25, 0x01	; 1
    1bde:	9a 8b       	std	Y+18, r25	; 0x12
    1be0:	89 8b       	std	Y+17, r24	; 0x11
    1be2:	89 89       	ldd	r24, Y+17	; 0x11
    1be4:	9a 89       	ldd	r25, Y+18	; 0x12
    1be6:	01 97       	sbiw	r24, 0x01	; 1
    1be8:	f1 f7       	brne	.-4      	; 0x1be6 <HLCD_voidInit+0x288>
    1bea:	9a 8b       	std	Y+18, r25	; 0x12
    1bec:	89 8b       	std	Y+17, r24	; 0x11
		while(__ticks)
		{
			// wait 1/10 ms
			_delay_loop_2(((F_CPU) / 4e3) / 10);
			__ticks --;
    1bee:	8b 89       	ldd	r24, Y+19	; 0x13
    1bf0:	9c 89       	ldd	r25, Y+20	; 0x14
    1bf2:	01 97       	sbiw	r24, 0x01	; 1
    1bf4:	9c 8b       	std	Y+20, r25	; 0x14
    1bf6:	8b 8b       	std	Y+19, r24	; 0x13
		__ticks = 1;
	else if (__tmp > 65535)
	{
		//	__ticks = requested delay in 1/10 ms
		__ticks = (uint16_t) (__ms * 10.0);
		while(__ticks)
    1bf8:	8b 89       	ldd	r24, Y+19	; 0x13
    1bfa:	9c 89       	ldd	r25, Y+20	; 0x14
    1bfc:	00 97       	sbiw	r24, 0x00	; 0
    1bfe:	69 f7       	brne	.-38     	; 0x1bda <HLCD_voidInit+0x27c>
    1c00:	14 c0       	rjmp	.+40     	; 0x1c2a <HLCD_voidInit+0x2cc>
			__ticks --;
		}
		return;
	}
	else
		__ticks = (uint16_t)__tmp;
    1c02:	6d 89       	ldd	r22, Y+21	; 0x15
    1c04:	7e 89       	ldd	r23, Y+22	; 0x16
    1c06:	8f 89       	ldd	r24, Y+23	; 0x17
    1c08:	98 8d       	ldd	r25, Y+24	; 0x18
    1c0a:	0e 94 49 00 	call	0x92	; 0x92 <__fixunssfsi>
    1c0e:	dc 01       	movw	r26, r24
    1c10:	cb 01       	movw	r24, r22
    1c12:	9c 8b       	std	Y+20, r25	; 0x14
    1c14:	8b 8b       	std	Y+19, r24	; 0x13
    1c16:	8b 89       	ldd	r24, Y+19	; 0x13
    1c18:	9c 89       	ldd	r25, Y+20	; 0x14
    1c1a:	98 8b       	std	Y+16, r25	; 0x10
    1c1c:	8f 87       	std	Y+15, r24	; 0x0f
    1c1e:	8f 85       	ldd	r24, Y+15	; 0x0f
    1c20:	98 89       	ldd	r25, Y+16	; 0x10
    1c22:	01 97       	sbiw	r24, 0x01	; 1
    1c24:	f1 f7       	brne	.-4      	; 0x1c22 <HLCD_voidInit+0x2c4>
    1c26:	98 8b       	std	Y+16, r25	; 0x10
    1c28:	8f 87       	std	Y+15, r24	; 0x0f
	//wait for more than 39 us
	_delay_ms(1);
	//Display Clear
	HLCD_voidSendCommand(DISPLAY_CLEAR);
    1c2a:	81 e0       	ldi	r24, 0x01	; 1
    1c2c:	0e 94 96 0e 	call	0x1d2c	; 0x1d2c <HLCD_voidSendCommand>
    1c30:	80 e0       	ldi	r24, 0x00	; 0
    1c32:	90 e0       	ldi	r25, 0x00	; 0
    1c34:	a0 e0       	ldi	r26, 0x00	; 0
    1c36:	b0 e4       	ldi	r27, 0x40	; 64
    1c38:	8b 87       	std	Y+11, r24	; 0x0b
    1c3a:	9c 87       	std	Y+12, r25	; 0x0c
    1c3c:	ad 87       	std	Y+13, r26	; 0x0d
    1c3e:	be 87       	std	Y+14, r27	; 0x0e
 */
void
_delay_ms(double __ms)
{
	uint16_t __ticks;
	double __tmp = ((F_CPU) / 4e3) * __ms;
    1c40:	6b 85       	ldd	r22, Y+11	; 0x0b
    1c42:	7c 85       	ldd	r23, Y+12	; 0x0c
    1c44:	8d 85       	ldd	r24, Y+13	; 0x0d
    1c46:	9e 85       	ldd	r25, Y+14	; 0x0e
    1c48:	20 e0       	ldi	r18, 0x00	; 0
    1c4a:	30 e0       	ldi	r19, 0x00	; 0
    1c4c:	4a e7       	ldi	r20, 0x7A	; 122
    1c4e:	55 e4       	ldi	r21, 0x45	; 69
    1c50:	0e 94 1f 02 	call	0x43e	; 0x43e <__mulsf3>
    1c54:	dc 01       	movw	r26, r24
    1c56:	cb 01       	movw	r24, r22
    1c58:	8f 83       	std	Y+7, r24	; 0x07
    1c5a:	98 87       	std	Y+8, r25	; 0x08
    1c5c:	a9 87       	std	Y+9, r26	; 0x09
    1c5e:	ba 87       	std	Y+10, r27	; 0x0a
	if (__tmp < 1.0)
    1c60:	6f 81       	ldd	r22, Y+7	; 0x07
    1c62:	78 85       	ldd	r23, Y+8	; 0x08
    1c64:	89 85       	ldd	r24, Y+9	; 0x09
    1c66:	9a 85       	ldd	r25, Y+10	; 0x0a
    1c68:	20 e0       	ldi	r18, 0x00	; 0
    1c6a:	30 e0       	ldi	r19, 0x00	; 0
    1c6c:	40 e8       	ldi	r20, 0x80	; 128
    1c6e:	5f e3       	ldi	r21, 0x3F	; 63
    1c70:	0e 94 79 03 	call	0x6f2	; 0x6f2 <__ltsf2>
    1c74:	88 23       	and	r24, r24
    1c76:	2c f4       	brge	.+10     	; 0x1c82 <HLCD_voidInit+0x324>
		__ticks = 1;
    1c78:	81 e0       	ldi	r24, 0x01	; 1
    1c7a:	90 e0       	ldi	r25, 0x00	; 0
    1c7c:	9e 83       	std	Y+6, r25	; 0x06
    1c7e:	8d 83       	std	Y+5, r24	; 0x05
    1c80:	3f c0       	rjmp	.+126    	; 0x1d00 <HLCD_voidInit+0x3a2>
	else if (__tmp > 65535)
    1c82:	6f 81       	ldd	r22, Y+7	; 0x07
    1c84:	78 85       	ldd	r23, Y+8	; 0x08
    1c86:	89 85       	ldd	r24, Y+9	; 0x09
    1c88:	9a 85       	ldd	r25, Y+10	; 0x0a
    1c8a:	20 e0       	ldi	r18, 0x00	; 0
    1c8c:	3f ef       	ldi	r19, 0xFF	; 255
    1c8e:	4f e7       	ldi	r20, 0x7F	; 127
    1c90:	57 e4       	ldi	r21, 0x47	; 71
    1c92:	0e 94 19 03 	call	0x632	; 0x632 <__gtsf2>
    1c96:	18 16       	cp	r1, r24
    1c98:	4c f5       	brge	.+82     	; 0x1cec <HLCD_voidInit+0x38e>
	{
		//	__ticks = requested delay in 1/10 ms
		__ticks = (uint16_t) (__ms * 10.0);
    1c9a:	6b 85       	ldd	r22, Y+11	; 0x0b
    1c9c:	7c 85       	ldd	r23, Y+12	; 0x0c
    1c9e:	8d 85       	ldd	r24, Y+13	; 0x0d
    1ca0:	9e 85       	ldd	r25, Y+14	; 0x0e
    1ca2:	20 e0       	ldi	r18, 0x00	; 0
    1ca4:	30 e0       	ldi	r19, 0x00	; 0
    1ca6:	40 e2       	ldi	r20, 0x20	; 32
    1ca8:	51 e4       	ldi	r21, 0x41	; 65
    1caa:	0e 94 1f 02 	call	0x43e	; 0x43e <__mulsf3>
    1cae:	dc 01       	movw	r26, r24
    1cb0:	cb 01       	movw	r24, r22
    1cb2:	bc 01       	movw	r22, r24
    1cb4:	cd 01       	movw	r24, r26
    1cb6:	0e 94 49 00 	call	0x92	; 0x92 <__fixunssfsi>
    1cba:	dc 01       	movw	r26, r24
    1cbc:	cb 01       	movw	r24, r22
    1cbe:	9e 83       	std	Y+6, r25	; 0x06
    1cc0:	8d 83       	std	Y+5, r24	; 0x05
    1cc2:	0f c0       	rjmp	.+30     	; 0x1ce2 <HLCD_voidInit+0x384>
    1cc4:	80 e9       	ldi	r24, 0x90	; 144
    1cc6:	91 e0       	ldi	r25, 0x01	; 1
    1cc8:	9c 83       	std	Y+4, r25	; 0x04
    1cca:	8b 83       	std	Y+3, r24	; 0x03
    1ccc:	8b 81       	ldd	r24, Y+3	; 0x03
    1cce:	9c 81       	ldd	r25, Y+4	; 0x04
    1cd0:	01 97       	sbiw	r24, 0x01	; 1
    1cd2:	f1 f7       	brne	.-4      	; 0x1cd0 <HLCD_voidInit+0x372>
    1cd4:	9c 83       	std	Y+4, r25	; 0x04
    1cd6:	8b 83       	std	Y+3, r24	; 0x03
		while(__ticks)
		{
			// wait 1/10 ms
			_delay_loop_2(((F_CPU) / 4e3) / 10);
			__ticks --;
    1cd8:	8d 81       	ldd	r24, Y+5	; 0x05
    1cda:	9e 81       	ldd	r25, Y+6	; 0x06
    1cdc:	01 97       	sbiw	r24, 0x01	; 1
    1cde:	9e 83       	std	Y+6, r25	; 0x06
    1ce0:	8d 83       	std	Y+5, r24	; 0x05
		__ticks = 1;
	else if (__tmp > 65535)
	{
		//	__ticks = requested delay in 1/10 ms
		__ticks = (uint16_t) (__ms * 10.0);
		while(__ticks)
    1ce2:	8d 81       	ldd	r24, Y+5	; 0x05
    1ce4:	9e 81       	ldd	r25, Y+6	; 0x06
    1ce6:	00 97       	sbiw	r24, 0x00	; 0
    1ce8:	69 f7       	brne	.-38     	; 0x1cc4 <HLCD_voidInit+0x366>
    1cea:	14 c0       	rjmp	.+40     	; 0x1d14 <HLCD_voidInit+0x3b6>
			__ticks --;
		}
		return;
	}
	else
		__ticks = (uint16_t)__tmp;
    1cec:	6f 81       	ldd	r22, Y+7	; 0x07
    1cee:	78 85       	ldd	r23, Y+8	; 0x08
    1cf0:	89 85       	ldd	r24, Y+9	; 0x09
    1cf2:	9a 85       	ldd	r25, Y+10	; 0x0a
    1cf4:	0e 94 49 00 	call	0x92	; 0x92 <__fixunssfsi>
    1cf8:	dc 01       	movw	r26, r24
    1cfa:	cb 01       	movw	r24, r22
    1cfc:	9e 83       	std	Y+6, r25	; 0x06
    1cfe:	8d 83       	std	Y+5, r24	; 0x05
    1d00:	8d 81       	ldd	r24, Y+5	; 0x05
    1d02:	9e 81       	ldd	r25, Y+6	; 0x06
    1d04:	9a 83       	std	Y+2, r25	; 0x02
    1d06:	89 83       	std	Y+1, r24	; 0x01
    1d08:	89 81       	ldd	r24, Y+1	; 0x01
    1d0a:	9a 81       	ldd	r25, Y+2	; 0x02
    1d0c:	01 97       	sbiw	r24, 0x01	; 1
    1d0e:	f1 f7       	brne	.-4      	; 0x1d0c <HLCD_voidInit+0x3ae>
    1d10:	9a 83       	std	Y+2, r25	; 0x02
    1d12:	89 83       	std	Y+1, r24	; 0x01
	//wait for more than 1.53 ms
	_delay_ms(2);
	//Entry Mode Set
	HLCD_voidSendCommand(ENTRY_MODE_SET);
    1d14:	86 e0       	ldi	r24, 0x06	; 6
    1d16:	0e 94 96 0e 	call	0x1d2c	; 0x1d2c <HLCD_voidSendCommand>

}
    1d1a:	e8 96       	adiw	r28, 0x38	; 56
    1d1c:	0f b6       	in	r0, 0x3f	; 63
    1d1e:	f8 94       	cli
    1d20:	de bf       	out	0x3e, r29	; 62
    1d22:	0f be       	out	0x3f, r0	; 63
    1d24:	cd bf       	out	0x3d, r28	; 61
    1d26:	cf 91       	pop	r28
    1d28:	df 91       	pop	r29
    1d2a:	08 95       	ret

00001d2c <HLCD_voidSendCommand>:

void HLCD_voidSendCommand(u8 A_u8Command)
{
    1d2c:	df 93       	push	r29
    1d2e:	cf 93       	push	r28
    1d30:	cd b7       	in	r28, 0x3d	; 61
    1d32:	de b7       	in	r29, 0x3e	; 62
    1d34:	2f 97       	sbiw	r28, 0x0f	; 15
    1d36:	0f b6       	in	r0, 0x3f	; 63
    1d38:	f8 94       	cli
    1d3a:	de bf       	out	0x3e, r29	; 62
    1d3c:	0f be       	out	0x3f, r0	; 63
    1d3e:	cd bf       	out	0x3d, r28	; 61
    1d40:	8f 87       	std	Y+15, r24	; 0x0f
	//RS -->0 ,RW --> 0
	MDIO_voidSetPinValue(LCD_CONTROL_PORT,LCD_RS_PIN,DIO_LOW);
    1d42:	82 e0       	ldi	r24, 0x02	; 2
    1d44:	60 e0       	ldi	r22, 0x00	; 0
    1d46:	40 e0       	ldi	r20, 0x00	; 0
    1d48:	0e 94 ec 06 	call	0xdd8	; 0xdd8 <MDIO_voidSetPinValue>
	MDIO_voidSetPinValue(LCD_CONTROL_PORT,LCD_RW_PIN,DIO_LOW);
    1d4c:	82 e0       	ldi	r24, 0x02	; 2
    1d4e:	61 e0       	ldi	r22, 0x01	; 1
    1d50:	40 e0       	ldi	r20, 0x00	; 0
    1d52:	0e 94 ec 06 	call	0xdd8	; 0xdd8 <MDIO_voidSetPinValue>

	//set data port with the command
	MDIO_voidSetPortValue(LCD_DATA_PORT,A_u8Command);
    1d56:	83 e0       	ldi	r24, 0x03	; 3
    1d58:	6f 85       	ldd	r22, Y+15	; 0x0f
    1d5a:	0e 94 d7 08 	call	0x11ae	; 0x11ae <MDIO_voidSetPortValue>

	//set pulse on E pin with 2ms delay

	MDIO_voidSetPinValue(LCD_CONTROL_PORT,LCD_E_PIN,DIO_HIGH);
    1d5e:	82 e0       	ldi	r24, 0x02	; 2
    1d60:	62 e0       	ldi	r22, 0x02	; 2
    1d62:	41 e0       	ldi	r20, 0x01	; 1
    1d64:	0e 94 ec 06 	call	0xdd8	; 0xdd8 <MDIO_voidSetPinValue>
    1d68:	80 e0       	ldi	r24, 0x00	; 0
    1d6a:	90 e0       	ldi	r25, 0x00	; 0
    1d6c:	a0 e0       	ldi	r26, 0x00	; 0
    1d6e:	b0 e4       	ldi	r27, 0x40	; 64
    1d70:	8b 87       	std	Y+11, r24	; 0x0b
    1d72:	9c 87       	std	Y+12, r25	; 0x0c
    1d74:	ad 87       	std	Y+13, r26	; 0x0d
    1d76:	be 87       	std	Y+14, r27	; 0x0e
 */
void
_delay_ms(double __ms)
{
	uint16_t __ticks;
	double __tmp = ((F_CPU) / 4e3) * __ms;
    1d78:	6b 85       	ldd	r22, Y+11	; 0x0b
    1d7a:	7c 85       	ldd	r23, Y+12	; 0x0c
    1d7c:	8d 85       	ldd	r24, Y+13	; 0x0d
    1d7e:	9e 85       	ldd	r25, Y+14	; 0x0e
    1d80:	20 e0       	ldi	r18, 0x00	; 0
    1d82:	30 e0       	ldi	r19, 0x00	; 0
    1d84:	4a e7       	ldi	r20, 0x7A	; 122
    1d86:	55 e4       	ldi	r21, 0x45	; 69
    1d88:	0e 94 1f 02 	call	0x43e	; 0x43e <__mulsf3>
    1d8c:	dc 01       	movw	r26, r24
    1d8e:	cb 01       	movw	r24, r22
    1d90:	8f 83       	std	Y+7, r24	; 0x07
    1d92:	98 87       	std	Y+8, r25	; 0x08
    1d94:	a9 87       	std	Y+9, r26	; 0x09
    1d96:	ba 87       	std	Y+10, r27	; 0x0a
	if (__tmp < 1.0)
    1d98:	6f 81       	ldd	r22, Y+7	; 0x07
    1d9a:	78 85       	ldd	r23, Y+8	; 0x08
    1d9c:	89 85       	ldd	r24, Y+9	; 0x09
    1d9e:	9a 85       	ldd	r25, Y+10	; 0x0a
    1da0:	20 e0       	ldi	r18, 0x00	; 0
    1da2:	30 e0       	ldi	r19, 0x00	; 0
    1da4:	40 e8       	ldi	r20, 0x80	; 128
    1da6:	5f e3       	ldi	r21, 0x3F	; 63
    1da8:	0e 94 79 03 	call	0x6f2	; 0x6f2 <__ltsf2>
    1dac:	88 23       	and	r24, r24
    1dae:	2c f4       	brge	.+10     	; 0x1dba <HLCD_voidSendCommand+0x8e>
		__ticks = 1;
    1db0:	81 e0       	ldi	r24, 0x01	; 1
    1db2:	90 e0       	ldi	r25, 0x00	; 0
    1db4:	9e 83       	std	Y+6, r25	; 0x06
    1db6:	8d 83       	std	Y+5, r24	; 0x05
    1db8:	3f c0       	rjmp	.+126    	; 0x1e38 <HLCD_voidSendCommand+0x10c>
	else if (__tmp > 65535)
    1dba:	6f 81       	ldd	r22, Y+7	; 0x07
    1dbc:	78 85       	ldd	r23, Y+8	; 0x08
    1dbe:	89 85       	ldd	r24, Y+9	; 0x09
    1dc0:	9a 85       	ldd	r25, Y+10	; 0x0a
    1dc2:	20 e0       	ldi	r18, 0x00	; 0
    1dc4:	3f ef       	ldi	r19, 0xFF	; 255
    1dc6:	4f e7       	ldi	r20, 0x7F	; 127
    1dc8:	57 e4       	ldi	r21, 0x47	; 71
    1dca:	0e 94 19 03 	call	0x632	; 0x632 <__gtsf2>
    1dce:	18 16       	cp	r1, r24
    1dd0:	4c f5       	brge	.+82     	; 0x1e24 <HLCD_voidSendCommand+0xf8>
	{
		//	__ticks = requested delay in 1/10 ms
		__ticks = (uint16_t) (__ms * 10.0);
    1dd2:	6b 85       	ldd	r22, Y+11	; 0x0b
    1dd4:	7c 85       	ldd	r23, Y+12	; 0x0c
    1dd6:	8d 85       	ldd	r24, Y+13	; 0x0d
    1dd8:	9e 85       	ldd	r25, Y+14	; 0x0e
    1dda:	20 e0       	ldi	r18, 0x00	; 0
    1ddc:	30 e0       	ldi	r19, 0x00	; 0
    1dde:	40 e2       	ldi	r20, 0x20	; 32
    1de0:	51 e4       	ldi	r21, 0x41	; 65
    1de2:	0e 94 1f 02 	call	0x43e	; 0x43e <__mulsf3>
    1de6:	dc 01       	movw	r26, r24
    1de8:	cb 01       	movw	r24, r22
    1dea:	bc 01       	movw	r22, r24
    1dec:	cd 01       	movw	r24, r26
    1dee:	0e 94 49 00 	call	0x92	; 0x92 <__fixunssfsi>
    1df2:	dc 01       	movw	r26, r24
    1df4:	cb 01       	movw	r24, r22
    1df6:	9e 83       	std	Y+6, r25	; 0x06
    1df8:	8d 83       	std	Y+5, r24	; 0x05
    1dfa:	0f c0       	rjmp	.+30     	; 0x1e1a <HLCD_voidSendCommand+0xee>
    1dfc:	80 e9       	ldi	r24, 0x90	; 144
    1dfe:	91 e0       	ldi	r25, 0x01	; 1
    1e00:	9c 83       	std	Y+4, r25	; 0x04
    1e02:	8b 83       	std	Y+3, r24	; 0x03
    1e04:	8b 81       	ldd	r24, Y+3	; 0x03
    1e06:	9c 81       	ldd	r25, Y+4	; 0x04
    1e08:	01 97       	sbiw	r24, 0x01	; 1
    1e0a:	f1 f7       	brne	.-4      	; 0x1e08 <HLCD_voidSendCommand+0xdc>
    1e0c:	9c 83       	std	Y+4, r25	; 0x04
    1e0e:	8b 83       	std	Y+3, r24	; 0x03
		while(__ticks)
		{
			// wait 1/10 ms
			_delay_loop_2(((F_CPU) / 4e3) / 10);
			__ticks --;
    1e10:	8d 81       	ldd	r24, Y+5	; 0x05
    1e12:	9e 81       	ldd	r25, Y+6	; 0x06
    1e14:	01 97       	sbiw	r24, 0x01	; 1
    1e16:	9e 83       	std	Y+6, r25	; 0x06
    1e18:	8d 83       	std	Y+5, r24	; 0x05
		__ticks = 1;
	else if (__tmp > 65535)
	{
		//	__ticks = requested delay in 1/10 ms
		__ticks = (uint16_t) (__ms * 10.0);
		while(__ticks)
    1e1a:	8d 81       	ldd	r24, Y+5	; 0x05
    1e1c:	9e 81       	ldd	r25, Y+6	; 0x06
    1e1e:	00 97       	sbiw	r24, 0x00	; 0
    1e20:	69 f7       	brne	.-38     	; 0x1dfc <HLCD_voidSendCommand+0xd0>
    1e22:	14 c0       	rjmp	.+40     	; 0x1e4c <HLCD_voidSendCommand+0x120>
			__ticks --;
		}
		return;
	}
	else
		__ticks = (uint16_t)__tmp;
    1e24:	6f 81       	ldd	r22, Y+7	; 0x07
    1e26:	78 85       	ldd	r23, Y+8	; 0x08
    1e28:	89 85       	ldd	r24, Y+9	; 0x09
    1e2a:	9a 85       	ldd	r25, Y+10	; 0x0a
    1e2c:	0e 94 49 00 	call	0x92	; 0x92 <__fixunssfsi>
    1e30:	dc 01       	movw	r26, r24
    1e32:	cb 01       	movw	r24, r22
    1e34:	9e 83       	std	Y+6, r25	; 0x06
    1e36:	8d 83       	std	Y+5, r24	; 0x05
    1e38:	8d 81       	ldd	r24, Y+5	; 0x05
    1e3a:	9e 81       	ldd	r25, Y+6	; 0x06
    1e3c:	9a 83       	std	Y+2, r25	; 0x02
    1e3e:	89 83       	std	Y+1, r24	; 0x01
    1e40:	89 81       	ldd	r24, Y+1	; 0x01
    1e42:	9a 81       	ldd	r25, Y+2	; 0x02
    1e44:	01 97       	sbiw	r24, 0x01	; 1
    1e46:	f1 f7       	brne	.-4      	; 0x1e44 <HLCD_voidSendCommand+0x118>
    1e48:	9a 83       	std	Y+2, r25	; 0x02
    1e4a:	89 83       	std	Y+1, r24	; 0x01
	_delay_ms(2);
	MDIO_voidSetPinValue(LCD_CONTROL_PORT,LCD_E_PIN,DIO_LOW);
    1e4c:	82 e0       	ldi	r24, 0x02	; 2
    1e4e:	62 e0       	ldi	r22, 0x02	; 2
    1e50:	40 e0       	ldi	r20, 0x00	; 0
    1e52:	0e 94 ec 06 	call	0xdd8	; 0xdd8 <MDIO_voidSetPinValue>
}
    1e56:	2f 96       	adiw	r28, 0x0f	; 15
    1e58:	0f b6       	in	r0, 0x3f	; 63
    1e5a:	f8 94       	cli
    1e5c:	de bf       	out	0x3e, r29	; 62
    1e5e:	0f be       	out	0x3f, r0	; 63
    1e60:	cd bf       	out	0x3d, r28	; 61
    1e62:	cf 91       	pop	r28
    1e64:	df 91       	pop	r29
    1e66:	08 95       	ret

00001e68 <HLCD_voidSendData>:

// display the char
void HLCD_voidSendData(u8 A_u8Data)
{
    1e68:	df 93       	push	r29
    1e6a:	cf 93       	push	r28
    1e6c:	cd b7       	in	r28, 0x3d	; 61
    1e6e:	de b7       	in	r29, 0x3e	; 62
    1e70:	2f 97       	sbiw	r28, 0x0f	; 15
    1e72:	0f b6       	in	r0, 0x3f	; 63
    1e74:	f8 94       	cli
    1e76:	de bf       	out	0x3e, r29	; 62
    1e78:	0f be       	out	0x3f, r0	; 63
    1e7a:	cd bf       	out	0x3d, r28	; 61
    1e7c:	8f 87       	std	Y+15, r24	; 0x0f
	//RS -->1 ,RW --> 0
	MDIO_voidSetPinValue(LCD_CONTROL_PORT,LCD_RS_PIN,DIO_HIGH);
    1e7e:	82 e0       	ldi	r24, 0x02	; 2
    1e80:	60 e0       	ldi	r22, 0x00	; 0
    1e82:	41 e0       	ldi	r20, 0x01	; 1
    1e84:	0e 94 ec 06 	call	0xdd8	; 0xdd8 <MDIO_voidSetPinValue>
	MDIO_voidSetPinValue(LCD_CONTROL_PORT,LCD_RW_PIN,DIO_LOW);
    1e88:	82 e0       	ldi	r24, 0x02	; 2
    1e8a:	61 e0       	ldi	r22, 0x01	; 1
    1e8c:	40 e0       	ldi	r20, 0x00	; 0
    1e8e:	0e 94 ec 06 	call	0xdd8	; 0xdd8 <MDIO_voidSetPinValue>

		//set data port with the command
	MDIO_voidSetPortValue(LCD_DATA_PORT,A_u8Data);
    1e92:	83 e0       	ldi	r24, 0x03	; 3
    1e94:	6f 85       	ldd	r22, Y+15	; 0x0f
    1e96:	0e 94 d7 08 	call	0x11ae	; 0x11ae <MDIO_voidSetPortValue>

		//set pulse on E pin with 2ms delay
	MDIO_voidSetPinValue(LCD_CONTROL_PORT,LCD_E_PIN,DIO_HIGH);
    1e9a:	82 e0       	ldi	r24, 0x02	; 2
    1e9c:	62 e0       	ldi	r22, 0x02	; 2
    1e9e:	41 e0       	ldi	r20, 0x01	; 1
    1ea0:	0e 94 ec 06 	call	0xdd8	; 0xdd8 <MDIO_voidSetPinValue>
    1ea4:	80 e0       	ldi	r24, 0x00	; 0
    1ea6:	90 e0       	ldi	r25, 0x00	; 0
    1ea8:	a0 e0       	ldi	r26, 0x00	; 0
    1eaa:	b0 e4       	ldi	r27, 0x40	; 64
    1eac:	8b 87       	std	Y+11, r24	; 0x0b
    1eae:	9c 87       	std	Y+12, r25	; 0x0c
    1eb0:	ad 87       	std	Y+13, r26	; 0x0d
    1eb2:	be 87       	std	Y+14, r27	; 0x0e
 */
void
_delay_ms(double __ms)
{
	uint16_t __ticks;
	double __tmp = ((F_CPU) / 4e3) * __ms;
    1eb4:	6b 85       	ldd	r22, Y+11	; 0x0b
    1eb6:	7c 85       	ldd	r23, Y+12	; 0x0c
    1eb8:	8d 85       	ldd	r24, Y+13	; 0x0d
    1eba:	9e 85       	ldd	r25, Y+14	; 0x0e
    1ebc:	20 e0       	ldi	r18, 0x00	; 0
    1ebe:	30 e0       	ldi	r19, 0x00	; 0
    1ec0:	4a e7       	ldi	r20, 0x7A	; 122
    1ec2:	55 e4       	ldi	r21, 0x45	; 69
    1ec4:	0e 94 1f 02 	call	0x43e	; 0x43e <__mulsf3>
    1ec8:	dc 01       	movw	r26, r24
    1eca:	cb 01       	movw	r24, r22
    1ecc:	8f 83       	std	Y+7, r24	; 0x07
    1ece:	98 87       	std	Y+8, r25	; 0x08
    1ed0:	a9 87       	std	Y+9, r26	; 0x09
    1ed2:	ba 87       	std	Y+10, r27	; 0x0a
	if (__tmp < 1.0)
    1ed4:	6f 81       	ldd	r22, Y+7	; 0x07
    1ed6:	78 85       	ldd	r23, Y+8	; 0x08
    1ed8:	89 85       	ldd	r24, Y+9	; 0x09
    1eda:	9a 85       	ldd	r25, Y+10	; 0x0a
    1edc:	20 e0       	ldi	r18, 0x00	; 0
    1ede:	30 e0       	ldi	r19, 0x00	; 0
    1ee0:	40 e8       	ldi	r20, 0x80	; 128
    1ee2:	5f e3       	ldi	r21, 0x3F	; 63
    1ee4:	0e 94 79 03 	call	0x6f2	; 0x6f2 <__ltsf2>
    1ee8:	88 23       	and	r24, r24
    1eea:	2c f4       	brge	.+10     	; 0x1ef6 <HLCD_voidSendData+0x8e>
		__ticks = 1;
    1eec:	81 e0       	ldi	r24, 0x01	; 1
    1eee:	90 e0       	ldi	r25, 0x00	; 0
    1ef0:	9e 83       	std	Y+6, r25	; 0x06
    1ef2:	8d 83       	std	Y+5, r24	; 0x05
    1ef4:	3f c0       	rjmp	.+126    	; 0x1f74 <HLCD_voidSendData+0x10c>
	else if (__tmp > 65535)
    1ef6:	6f 81       	ldd	r22, Y+7	; 0x07
    1ef8:	78 85       	ldd	r23, Y+8	; 0x08
    1efa:	89 85       	ldd	r24, Y+9	; 0x09
    1efc:	9a 85       	ldd	r25, Y+10	; 0x0a
    1efe:	20 e0       	ldi	r18, 0x00	; 0
    1f00:	3f ef       	ldi	r19, 0xFF	; 255
    1f02:	4f e7       	ldi	r20, 0x7F	; 127
    1f04:	57 e4       	ldi	r21, 0x47	; 71
    1f06:	0e 94 19 03 	call	0x632	; 0x632 <__gtsf2>
    1f0a:	18 16       	cp	r1, r24
    1f0c:	4c f5       	brge	.+82     	; 0x1f60 <HLCD_voidSendData+0xf8>
	{
		//	__ticks = requested delay in 1/10 ms
		__ticks = (uint16_t) (__ms * 10.0);
    1f0e:	6b 85       	ldd	r22, Y+11	; 0x0b
    1f10:	7c 85       	ldd	r23, Y+12	; 0x0c
    1f12:	8d 85       	ldd	r24, Y+13	; 0x0d
    1f14:	9e 85       	ldd	r25, Y+14	; 0x0e
    1f16:	20 e0       	ldi	r18, 0x00	; 0
    1f18:	30 e0       	ldi	r19, 0x00	; 0
    1f1a:	40 e2       	ldi	r20, 0x20	; 32
    1f1c:	51 e4       	ldi	r21, 0x41	; 65
    1f1e:	0e 94 1f 02 	call	0x43e	; 0x43e <__mulsf3>
    1f22:	dc 01       	movw	r26, r24
    1f24:	cb 01       	movw	r24, r22
    1f26:	bc 01       	movw	r22, r24
    1f28:	cd 01       	movw	r24, r26
    1f2a:	0e 94 49 00 	call	0x92	; 0x92 <__fixunssfsi>
    1f2e:	dc 01       	movw	r26, r24
    1f30:	cb 01       	movw	r24, r22
    1f32:	9e 83       	std	Y+6, r25	; 0x06
    1f34:	8d 83       	std	Y+5, r24	; 0x05
    1f36:	0f c0       	rjmp	.+30     	; 0x1f56 <HLCD_voidSendData+0xee>
    1f38:	80 e9       	ldi	r24, 0x90	; 144
    1f3a:	91 e0       	ldi	r25, 0x01	; 1
    1f3c:	9c 83       	std	Y+4, r25	; 0x04
    1f3e:	8b 83       	std	Y+3, r24	; 0x03
    1f40:	8b 81       	ldd	r24, Y+3	; 0x03
    1f42:	9c 81       	ldd	r25, Y+4	; 0x04
    1f44:	01 97       	sbiw	r24, 0x01	; 1
    1f46:	f1 f7       	brne	.-4      	; 0x1f44 <HLCD_voidSendData+0xdc>
    1f48:	9c 83       	std	Y+4, r25	; 0x04
    1f4a:	8b 83       	std	Y+3, r24	; 0x03
		while(__ticks)
		{
			// wait 1/10 ms
			_delay_loop_2(((F_CPU) / 4e3) / 10);
			__ticks --;
    1f4c:	8d 81       	ldd	r24, Y+5	; 0x05
    1f4e:	9e 81       	ldd	r25, Y+6	; 0x06
    1f50:	01 97       	sbiw	r24, 0x01	; 1
    1f52:	9e 83       	std	Y+6, r25	; 0x06
    1f54:	8d 83       	std	Y+5, r24	; 0x05
		__ticks = 1;
	else if (__tmp > 65535)
	{
		//	__ticks = requested delay in 1/10 ms
		__ticks = (uint16_t) (__ms * 10.0);
		while(__ticks)
    1f56:	8d 81       	ldd	r24, Y+5	; 0x05
    1f58:	9e 81       	ldd	r25, Y+6	; 0x06
    1f5a:	00 97       	sbiw	r24, 0x00	; 0
    1f5c:	69 f7       	brne	.-38     	; 0x1f38 <HLCD_voidSendData+0xd0>
    1f5e:	14 c0       	rjmp	.+40     	; 0x1f88 <HLCD_voidSendData+0x120>
			__ticks --;
		}
		return;
	}
	else
		__ticks = (uint16_t)__tmp;
    1f60:	6f 81       	ldd	r22, Y+7	; 0x07
    1f62:	78 85       	ldd	r23, Y+8	; 0x08
    1f64:	89 85       	ldd	r24, Y+9	; 0x09
    1f66:	9a 85       	ldd	r25, Y+10	; 0x0a
    1f68:	0e 94 49 00 	call	0x92	; 0x92 <__fixunssfsi>
    1f6c:	dc 01       	movw	r26, r24
    1f6e:	cb 01       	movw	r24, r22
    1f70:	9e 83       	std	Y+6, r25	; 0x06
    1f72:	8d 83       	std	Y+5, r24	; 0x05
    1f74:	8d 81       	ldd	r24, Y+5	; 0x05
    1f76:	9e 81       	ldd	r25, Y+6	; 0x06
    1f78:	9a 83       	std	Y+2, r25	; 0x02
    1f7a:	89 83       	std	Y+1, r24	; 0x01
    1f7c:	89 81       	ldd	r24, Y+1	; 0x01
    1f7e:	9a 81       	ldd	r25, Y+2	; 0x02
    1f80:	01 97       	sbiw	r24, 0x01	; 1
    1f82:	f1 f7       	brne	.-4      	; 0x1f80 <HLCD_voidSendData+0x118>
    1f84:	9a 83       	std	Y+2, r25	; 0x02
    1f86:	89 83       	std	Y+1, r24	; 0x01
		_delay_ms(2);
	MDIO_voidSetPinValue(LCD_CONTROL_PORT,LCD_E_PIN,DIO_LOW);
    1f88:	82 e0       	ldi	r24, 0x02	; 2
    1f8a:	62 e0       	ldi	r22, 0x02	; 2
    1f8c:	40 e0       	ldi	r20, 0x00	; 0
    1f8e:	0e 94 ec 06 	call	0xdd8	; 0xdd8 <MDIO_voidSetPinValue>
}
    1f92:	2f 96       	adiw	r28, 0x0f	; 15
    1f94:	0f b6       	in	r0, 0x3f	; 63
    1f96:	f8 94       	cli
    1f98:	de bf       	out	0x3e, r29	; 62
    1f9a:	0f be       	out	0x3f, r0	; 63
    1f9c:	cd bf       	out	0x3d, r28	; 61
    1f9e:	cf 91       	pop	r28
    1fa0:	df 91       	pop	r29
    1fa2:	08 95       	ret

00001fa4 <HLCD_voidSendString>:



void HLCD_voidSendString(u8 *A_Pu8String)
{
    1fa4:	df 93       	push	r29
    1fa6:	cf 93       	push	r28
    1fa8:	00 d0       	rcall	.+0      	; 0x1faa <HLCD_voidSendString+0x6>
    1faa:	cd b7       	in	r28, 0x3d	; 61
    1fac:	de b7       	in	r29, 0x3e	; 62
    1fae:	9a 83       	std	Y+2, r25	; 0x02
    1fb0:	89 83       	std	Y+1, r24	; 0x01
    1fb2:	0b c0       	rjmp	.+22     	; 0x1fca <HLCD_voidSendString+0x26>
	while(*A_Pu8String>0)
	{
		HLCD_voidSendData(*A_Pu8String++);
    1fb4:	e9 81       	ldd	r30, Y+1	; 0x01
    1fb6:	fa 81       	ldd	r31, Y+2	; 0x02
    1fb8:	20 81       	ld	r18, Z
    1fba:	89 81       	ldd	r24, Y+1	; 0x01
    1fbc:	9a 81       	ldd	r25, Y+2	; 0x02
    1fbe:	01 96       	adiw	r24, 0x01	; 1
    1fc0:	9a 83       	std	Y+2, r25	; 0x02
    1fc2:	89 83       	std	Y+1, r24	; 0x01
    1fc4:	82 2f       	mov	r24, r18
    1fc6:	0e 94 34 0f 	call	0x1e68	; 0x1e68 <HLCD_voidSendData>



void HLCD_voidSendString(u8 *A_Pu8String)
{
	while(*A_Pu8String>0)
    1fca:	e9 81       	ldd	r30, Y+1	; 0x01
    1fcc:	fa 81       	ldd	r31, Y+2	; 0x02
    1fce:	80 81       	ld	r24, Z
    1fd0:	88 23       	and	r24, r24
    1fd2:	81 f7       	brne	.-32     	; 0x1fb4 <HLCD_voidSendString+0x10>
	{
		HLCD_voidSendData(*A_Pu8String++);
	}
}
    1fd4:	0f 90       	pop	r0
    1fd6:	0f 90       	pop	r0
    1fd8:	cf 91       	pop	r28
    1fda:	df 91       	pop	r29
    1fdc:	08 95       	ret

00001fde <HLCD_voidClearDisplay>:

void HLCD_voidClearDisplay(void)
{
    1fde:	df 93       	push	r29
    1fe0:	cf 93       	push	r28
    1fe2:	cd b7       	in	r28, 0x3d	; 61
    1fe4:	de b7       	in	r29, 0x3e	; 62
    1fe6:	2e 97       	sbiw	r28, 0x0e	; 14
    1fe8:	0f b6       	in	r0, 0x3f	; 63
    1fea:	f8 94       	cli
    1fec:	de bf       	out	0x3e, r29	; 62
    1fee:	0f be       	out	0x3f, r0	; 63
    1ff0:	cd bf       	out	0x3d, r28	; 61
	//Display Clear
	HLCD_voidSendCommand(DISPLAY_CLEAR);
    1ff2:	81 e0       	ldi	r24, 0x01	; 1
    1ff4:	0e 94 96 0e 	call	0x1d2c	; 0x1d2c <HLCD_voidSendCommand>
    1ff8:	80 e0       	ldi	r24, 0x00	; 0
    1ffa:	90 e0       	ldi	r25, 0x00	; 0
    1ffc:	a0 e0       	ldi	r26, 0x00	; 0
    1ffe:	b0 e4       	ldi	r27, 0x40	; 64
    2000:	8b 87       	std	Y+11, r24	; 0x0b
    2002:	9c 87       	std	Y+12, r25	; 0x0c
    2004:	ad 87       	std	Y+13, r26	; 0x0d
    2006:	be 87       	std	Y+14, r27	; 0x0e
 */
void
_delay_ms(double __ms)
{
	uint16_t __ticks;
	double __tmp = ((F_CPU) / 4e3) * __ms;
    2008:	6b 85       	ldd	r22, Y+11	; 0x0b
    200a:	7c 85       	ldd	r23, Y+12	; 0x0c
    200c:	8d 85       	ldd	r24, Y+13	; 0x0d
    200e:	9e 85       	ldd	r25, Y+14	; 0x0e
    2010:	20 e0       	ldi	r18, 0x00	; 0
    2012:	30 e0       	ldi	r19, 0x00	; 0
    2014:	4a e7       	ldi	r20, 0x7A	; 122
    2016:	55 e4       	ldi	r21, 0x45	; 69
    2018:	0e 94 1f 02 	call	0x43e	; 0x43e <__mulsf3>
    201c:	dc 01       	movw	r26, r24
    201e:	cb 01       	movw	r24, r22
    2020:	8f 83       	std	Y+7, r24	; 0x07
    2022:	98 87       	std	Y+8, r25	; 0x08
    2024:	a9 87       	std	Y+9, r26	; 0x09
    2026:	ba 87       	std	Y+10, r27	; 0x0a
	if (__tmp < 1.0)
    2028:	6f 81       	ldd	r22, Y+7	; 0x07
    202a:	78 85       	ldd	r23, Y+8	; 0x08
    202c:	89 85       	ldd	r24, Y+9	; 0x09
    202e:	9a 85       	ldd	r25, Y+10	; 0x0a
    2030:	20 e0       	ldi	r18, 0x00	; 0
    2032:	30 e0       	ldi	r19, 0x00	; 0
    2034:	40 e8       	ldi	r20, 0x80	; 128
    2036:	5f e3       	ldi	r21, 0x3F	; 63
    2038:	0e 94 79 03 	call	0x6f2	; 0x6f2 <__ltsf2>
    203c:	88 23       	and	r24, r24
    203e:	2c f4       	brge	.+10     	; 0x204a <HLCD_voidClearDisplay+0x6c>
		__ticks = 1;
    2040:	81 e0       	ldi	r24, 0x01	; 1
    2042:	90 e0       	ldi	r25, 0x00	; 0
    2044:	9e 83       	std	Y+6, r25	; 0x06
    2046:	8d 83       	std	Y+5, r24	; 0x05
    2048:	3f c0       	rjmp	.+126    	; 0x20c8 <HLCD_voidClearDisplay+0xea>
	else if (__tmp > 65535)
    204a:	6f 81       	ldd	r22, Y+7	; 0x07
    204c:	78 85       	ldd	r23, Y+8	; 0x08
    204e:	89 85       	ldd	r24, Y+9	; 0x09
    2050:	9a 85       	ldd	r25, Y+10	; 0x0a
    2052:	20 e0       	ldi	r18, 0x00	; 0
    2054:	3f ef       	ldi	r19, 0xFF	; 255
    2056:	4f e7       	ldi	r20, 0x7F	; 127
    2058:	57 e4       	ldi	r21, 0x47	; 71
    205a:	0e 94 19 03 	call	0x632	; 0x632 <__gtsf2>
    205e:	18 16       	cp	r1, r24
    2060:	4c f5       	brge	.+82     	; 0x20b4 <HLCD_voidClearDisplay+0xd6>
	{
		//	__ticks = requested delay in 1/10 ms
		__ticks = (uint16_t) (__ms * 10.0);
    2062:	6b 85       	ldd	r22, Y+11	; 0x0b
    2064:	7c 85       	ldd	r23, Y+12	; 0x0c
    2066:	8d 85       	ldd	r24, Y+13	; 0x0d
    2068:	9e 85       	ldd	r25, Y+14	; 0x0e
    206a:	20 e0       	ldi	r18, 0x00	; 0
    206c:	30 e0       	ldi	r19, 0x00	; 0
    206e:	40 e2       	ldi	r20, 0x20	; 32
    2070:	51 e4       	ldi	r21, 0x41	; 65
    2072:	0e 94 1f 02 	call	0x43e	; 0x43e <__mulsf3>
    2076:	dc 01       	movw	r26, r24
    2078:	cb 01       	movw	r24, r22
    207a:	bc 01       	movw	r22, r24
    207c:	cd 01       	movw	r24, r26
    207e:	0e 94 49 00 	call	0x92	; 0x92 <__fixunssfsi>
    2082:	dc 01       	movw	r26, r24
    2084:	cb 01       	movw	r24, r22
    2086:	9e 83       	std	Y+6, r25	; 0x06
    2088:	8d 83       	std	Y+5, r24	; 0x05
    208a:	0f c0       	rjmp	.+30     	; 0x20aa <HLCD_voidClearDisplay+0xcc>
    208c:	80 e9       	ldi	r24, 0x90	; 144
    208e:	91 e0       	ldi	r25, 0x01	; 1
    2090:	9c 83       	std	Y+4, r25	; 0x04
    2092:	8b 83       	std	Y+3, r24	; 0x03
    2094:	8b 81       	ldd	r24, Y+3	; 0x03
    2096:	9c 81       	ldd	r25, Y+4	; 0x04
    2098:	01 97       	sbiw	r24, 0x01	; 1
    209a:	f1 f7       	brne	.-4      	; 0x2098 <HLCD_voidClearDisplay+0xba>
    209c:	9c 83       	std	Y+4, r25	; 0x04
    209e:	8b 83       	std	Y+3, r24	; 0x03
		while(__ticks)
		{
			// wait 1/10 ms
			_delay_loop_2(((F_CPU) / 4e3) / 10);
			__ticks --;
    20a0:	8d 81       	ldd	r24, Y+5	; 0x05
    20a2:	9e 81       	ldd	r25, Y+6	; 0x06
    20a4:	01 97       	sbiw	r24, 0x01	; 1
    20a6:	9e 83       	std	Y+6, r25	; 0x06
    20a8:	8d 83       	std	Y+5, r24	; 0x05
		__ticks = 1;
	else if (__tmp > 65535)
	{
		//	__ticks = requested delay in 1/10 ms
		__ticks = (uint16_t) (__ms * 10.0);
		while(__ticks)
    20aa:	8d 81       	ldd	r24, Y+5	; 0x05
    20ac:	9e 81       	ldd	r25, Y+6	; 0x06
    20ae:	00 97       	sbiw	r24, 0x00	; 0
    20b0:	69 f7       	brne	.-38     	; 0x208c <HLCD_voidClearDisplay+0xae>
    20b2:	14 c0       	rjmp	.+40     	; 0x20dc <HLCD_voidClearDisplay+0xfe>
			__ticks --;
		}
		return;
	}
	else
		__ticks = (uint16_t)__tmp;
    20b4:	6f 81       	ldd	r22, Y+7	; 0x07
    20b6:	78 85       	ldd	r23, Y+8	; 0x08
    20b8:	89 85       	ldd	r24, Y+9	; 0x09
    20ba:	9a 85       	ldd	r25, Y+10	; 0x0a
    20bc:	0e 94 49 00 	call	0x92	; 0x92 <__fixunssfsi>
    20c0:	dc 01       	movw	r26, r24
    20c2:	cb 01       	movw	r24, r22
    20c4:	9e 83       	std	Y+6, r25	; 0x06
    20c6:	8d 83       	std	Y+5, r24	; 0x05
    20c8:	8d 81       	ldd	r24, Y+5	; 0x05
    20ca:	9e 81       	ldd	r25, Y+6	; 0x06
    20cc:	9a 83       	std	Y+2, r25	; 0x02
    20ce:	89 83       	std	Y+1, r24	; 0x01
    20d0:	89 81       	ldd	r24, Y+1	; 0x01
    20d2:	9a 81       	ldd	r25, Y+2	; 0x02
    20d4:	01 97       	sbiw	r24, 0x01	; 1
    20d6:	f1 f7       	brne	.-4      	; 0x20d4 <HLCD_voidClearDisplay+0xf6>
    20d8:	9a 83       	std	Y+2, r25	; 0x02
    20da:	89 83       	std	Y+1, r24	; 0x01
	//wait for more than 1.53 ms
	_delay_ms(2);
}
    20dc:	2e 96       	adiw	r28, 0x0e	; 14
    20de:	0f b6       	in	r0, 0x3f	; 63
    20e0:	f8 94       	cli
    20e2:	de bf       	out	0x3e, r29	; 62
    20e4:	0f be       	out	0x3f, r0	; 63
    20e6:	cd bf       	out	0x3d, r28	; 61
    20e8:	cf 91       	pop	r28
    20ea:	df 91       	pop	r29
    20ec:	08 95       	ret

000020ee <HLCD_voidGoToPos>:

void HLCD_voidGoToPos(LCD_ROWS A_LcdRowNo , LCD_COLS  A_LcdColNo)
{
    20ee:	df 93       	push	r29
    20f0:	cf 93       	push	r28
    20f2:	cd b7       	in	r28, 0x3d	; 61
    20f4:	de b7       	in	r29, 0x3e	; 62
    20f6:	62 97       	sbiw	r28, 0x12	; 18
    20f8:	0f b6       	in	r0, 0x3f	; 63
    20fa:	f8 94       	cli
    20fc:	de bf       	out	0x3e, r29	; 62
    20fe:	0f be       	out	0x3f, r0	; 63
    2100:	cd bf       	out	0x3d, r28	; 61
    2102:	8f 87       	std	Y+15, r24	; 0x0f
    2104:	68 8b       	std	Y+16, r22	; 0x10
	switch(A_LcdRowNo)
    2106:	8f 85       	ldd	r24, Y+15	; 0x0f
    2108:	28 2f       	mov	r18, r24
    210a:	30 e0       	ldi	r19, 0x00	; 0
    210c:	3a 8b       	std	Y+18, r19	; 0x12
    210e:	29 8b       	std	Y+17, r18	; 0x11
    2110:	89 89       	ldd	r24, Y+17	; 0x11
    2112:	9a 89       	ldd	r25, Y+18	; 0x12
    2114:	81 30       	cpi	r24, 0x01	; 1
    2116:	91 05       	cpc	r25, r1
    2118:	31 f0       	breq	.+12     	; 0x2126 <HLCD_voidGoToPos+0x38>
    211a:	29 89       	ldd	r18, Y+17	; 0x11
    211c:	3a 89       	ldd	r19, Y+18	; 0x12
    211e:	22 30       	cpi	r18, 0x02	; 2
    2120:	31 05       	cpc	r19, r1
    2122:	31 f0       	breq	.+12     	; 0x2130 <HLCD_voidGoToPos+0x42>
    2124:	09 c0       	rjmp	.+18     	; 0x2138 <HLCD_voidGoToPos+0x4a>
	{
	case ROW1: HLCD_voidSendCommand(LCD_ROW1_ADDRESS + A_LcdColNo); break;
    2126:	88 89       	ldd	r24, Y+16	; 0x10
    2128:	81 58       	subi	r24, 0x81	; 129
    212a:	0e 94 96 0e 	call	0x1d2c	; 0x1d2c <HLCD_voidSendCommand>
    212e:	04 c0       	rjmp	.+8      	; 0x2138 <HLCD_voidGoToPos+0x4a>
	case ROW2: HLCD_voidSendCommand(LCD_ROW2_ADDRESS + A_LcdColNo); break;
    2130:	88 89       	ldd	r24, Y+16	; 0x10
    2132:	81 54       	subi	r24, 0x41	; 65
    2134:	0e 94 96 0e 	call	0x1d2c	; 0x1d2c <HLCD_voidSendCommand>
    2138:	80 e0       	ldi	r24, 0x00	; 0
    213a:	90 e0       	ldi	r25, 0x00	; 0
    213c:	a0 e8       	ldi	r26, 0x80	; 128
    213e:	bf e3       	ldi	r27, 0x3F	; 63
    2140:	8b 87       	std	Y+11, r24	; 0x0b
    2142:	9c 87       	std	Y+12, r25	; 0x0c
    2144:	ad 87       	std	Y+13, r26	; 0x0d
    2146:	be 87       	std	Y+14, r27	; 0x0e
 */
void
_delay_ms(double __ms)
{
	uint16_t __ticks;
	double __tmp = ((F_CPU) / 4e3) * __ms;
    2148:	6b 85       	ldd	r22, Y+11	; 0x0b
    214a:	7c 85       	ldd	r23, Y+12	; 0x0c
    214c:	8d 85       	ldd	r24, Y+13	; 0x0d
    214e:	9e 85       	ldd	r25, Y+14	; 0x0e
    2150:	20 e0       	ldi	r18, 0x00	; 0
    2152:	30 e0       	ldi	r19, 0x00	; 0
    2154:	4a e7       	ldi	r20, 0x7A	; 122
    2156:	55 e4       	ldi	r21, 0x45	; 69
    2158:	0e 94 1f 02 	call	0x43e	; 0x43e <__mulsf3>
    215c:	dc 01       	movw	r26, r24
    215e:	cb 01       	movw	r24, r22
    2160:	8f 83       	std	Y+7, r24	; 0x07
    2162:	98 87       	std	Y+8, r25	; 0x08
    2164:	a9 87       	std	Y+9, r26	; 0x09
    2166:	ba 87       	std	Y+10, r27	; 0x0a
	if (__tmp < 1.0)
    2168:	6f 81       	ldd	r22, Y+7	; 0x07
    216a:	78 85       	ldd	r23, Y+8	; 0x08
    216c:	89 85       	ldd	r24, Y+9	; 0x09
    216e:	9a 85       	ldd	r25, Y+10	; 0x0a
    2170:	20 e0       	ldi	r18, 0x00	; 0
    2172:	30 e0       	ldi	r19, 0x00	; 0
    2174:	40 e8       	ldi	r20, 0x80	; 128
    2176:	5f e3       	ldi	r21, 0x3F	; 63
    2178:	0e 94 79 03 	call	0x6f2	; 0x6f2 <__ltsf2>
    217c:	88 23       	and	r24, r24
    217e:	2c f4       	brge	.+10     	; 0x218a <HLCD_voidGoToPos+0x9c>
		__ticks = 1;
    2180:	81 e0       	ldi	r24, 0x01	; 1
    2182:	90 e0       	ldi	r25, 0x00	; 0
    2184:	9e 83       	std	Y+6, r25	; 0x06
    2186:	8d 83       	std	Y+5, r24	; 0x05
    2188:	3f c0       	rjmp	.+126    	; 0x2208 <HLCD_voidGoToPos+0x11a>
	else if (__tmp > 65535)
    218a:	6f 81       	ldd	r22, Y+7	; 0x07
    218c:	78 85       	ldd	r23, Y+8	; 0x08
    218e:	89 85       	ldd	r24, Y+9	; 0x09
    2190:	9a 85       	ldd	r25, Y+10	; 0x0a
    2192:	20 e0       	ldi	r18, 0x00	; 0
    2194:	3f ef       	ldi	r19, 0xFF	; 255
    2196:	4f e7       	ldi	r20, 0x7F	; 127
    2198:	57 e4       	ldi	r21, 0x47	; 71
    219a:	0e 94 19 03 	call	0x632	; 0x632 <__gtsf2>
    219e:	18 16       	cp	r1, r24
    21a0:	4c f5       	brge	.+82     	; 0x21f4 <HLCD_voidGoToPos+0x106>
	{
		//	__ticks = requested delay in 1/10 ms
		__ticks = (uint16_t) (__ms * 10.0);
    21a2:	6b 85       	ldd	r22, Y+11	; 0x0b
    21a4:	7c 85       	ldd	r23, Y+12	; 0x0c
    21a6:	8d 85       	ldd	r24, Y+13	; 0x0d
    21a8:	9e 85       	ldd	r25, Y+14	; 0x0e
    21aa:	20 e0       	ldi	r18, 0x00	; 0
    21ac:	30 e0       	ldi	r19, 0x00	; 0
    21ae:	40 e2       	ldi	r20, 0x20	; 32
    21b0:	51 e4       	ldi	r21, 0x41	; 65
    21b2:	0e 94 1f 02 	call	0x43e	; 0x43e <__mulsf3>
    21b6:	dc 01       	movw	r26, r24
    21b8:	cb 01       	movw	r24, r22
    21ba:	bc 01       	movw	r22, r24
    21bc:	cd 01       	movw	r24, r26
    21be:	0e 94 49 00 	call	0x92	; 0x92 <__fixunssfsi>
    21c2:	dc 01       	movw	r26, r24
    21c4:	cb 01       	movw	r24, r22
    21c6:	9e 83       	std	Y+6, r25	; 0x06
    21c8:	8d 83       	std	Y+5, r24	; 0x05
    21ca:	0f c0       	rjmp	.+30     	; 0x21ea <HLCD_voidGoToPos+0xfc>
    21cc:	80 e9       	ldi	r24, 0x90	; 144
    21ce:	91 e0       	ldi	r25, 0x01	; 1
    21d0:	9c 83       	std	Y+4, r25	; 0x04
    21d2:	8b 83       	std	Y+3, r24	; 0x03
    21d4:	8b 81       	ldd	r24, Y+3	; 0x03
    21d6:	9c 81       	ldd	r25, Y+4	; 0x04
    21d8:	01 97       	sbiw	r24, 0x01	; 1
    21da:	f1 f7       	brne	.-4      	; 0x21d8 <HLCD_voidGoToPos+0xea>
    21dc:	9c 83       	std	Y+4, r25	; 0x04
    21de:	8b 83       	std	Y+3, r24	; 0x03
		while(__ticks)
		{
			// wait 1/10 ms
			_delay_loop_2(((F_CPU) / 4e3) / 10);
			__ticks --;
    21e0:	8d 81       	ldd	r24, Y+5	; 0x05
    21e2:	9e 81       	ldd	r25, Y+6	; 0x06
    21e4:	01 97       	sbiw	r24, 0x01	; 1
    21e6:	9e 83       	std	Y+6, r25	; 0x06
    21e8:	8d 83       	std	Y+5, r24	; 0x05
		__ticks = 1;
	else if (__tmp > 65535)
	{
		//	__ticks = requested delay in 1/10 ms
		__ticks = (uint16_t) (__ms * 10.0);
		while(__ticks)
    21ea:	8d 81       	ldd	r24, Y+5	; 0x05
    21ec:	9e 81       	ldd	r25, Y+6	; 0x06
    21ee:	00 97       	sbiw	r24, 0x00	; 0
    21f0:	69 f7       	brne	.-38     	; 0x21cc <HLCD_voidGoToPos+0xde>
    21f2:	14 c0       	rjmp	.+40     	; 0x221c <HLCD_voidGoToPos+0x12e>
			__ticks --;
		}
		return;
	}
	else
		__ticks = (uint16_t)__tmp;
    21f4:	6f 81       	ldd	r22, Y+7	; 0x07
    21f6:	78 85       	ldd	r23, Y+8	; 0x08
    21f8:	89 85       	ldd	r24, Y+9	; 0x09
    21fa:	9a 85       	ldd	r25, Y+10	; 0x0a
    21fc:	0e 94 49 00 	call	0x92	; 0x92 <__fixunssfsi>
    2200:	dc 01       	movw	r26, r24
    2202:	cb 01       	movw	r24, r22
    2204:	9e 83       	std	Y+6, r25	; 0x06
    2206:	8d 83       	std	Y+5, r24	; 0x05
    2208:	8d 81       	ldd	r24, Y+5	; 0x05
    220a:	9e 81       	ldd	r25, Y+6	; 0x06
    220c:	9a 83       	std	Y+2, r25	; 0x02
    220e:	89 83       	std	Y+1, r24	; 0x01
    2210:	89 81       	ldd	r24, Y+1	; 0x01
    2212:	9a 81       	ldd	r25, Y+2	; 0x02
    2214:	01 97       	sbiw	r24, 0x01	; 1
    2216:	f1 f7       	brne	.-4      	; 0x2214 <HLCD_voidGoToPos+0x126>
    2218:	9a 83       	std	Y+2, r25	; 0x02
    221a:	89 83       	std	Y+1, r24	; 0x01
	default: break;
	}
	_delay_ms(1);
}
    221c:	62 96       	adiw	r28, 0x12	; 18
    221e:	0f b6       	in	r0, 0x3f	; 63
    2220:	f8 94       	cli
    2222:	de bf       	out	0x3e, r29	; 62
    2224:	0f be       	out	0x3f, r0	; 63
    2226:	cd bf       	out	0x3d, r28	; 61
    2228:	cf 91       	pop	r28
    222a:	df 91       	pop	r29
    222c:	08 95       	ret

0000222e <HLCD_voidDisplayNumberUNSigned>:

void HLCD_voidDisplayNumberUNSigned(u32 A_u32Number)
{
    222e:	df 93       	push	r29
    2230:	cf 93       	push	r28
    2232:	00 d0       	rcall	.+0      	; 0x2234 <HLCD_voidDisplayNumberUNSigned+0x6>
    2234:	00 d0       	rcall	.+0      	; 0x2236 <HLCD_voidDisplayNumberUNSigned+0x8>
    2236:	cd b7       	in	r28, 0x3d	; 61
    2238:	de b7       	in	r29, 0x3e	; 62
    223a:	9c 83       	std	Y+4, r25	; 0x04
    223c:	8b 83       	std	Y+3, r24	; 0x03
	u32 local_u32Number=1;
    223e:	81 e0       	ldi	r24, 0x01	; 1
    2240:	90 e0       	ldi	r25, 0x00	; 0
    2242:	9a 83       	std	Y+2, r25	; 0x02
    2244:	89 83       	std	Y+1, r24	; 0x01
	if(A_u32Number==0)
    2246:	8b 81       	ldd	r24, Y+3	; 0x03
    2248:	9c 81       	ldd	r25, Y+4	; 0x04
    224a:	00 97       	sbiw	r24, 0x00	; 0
    224c:	31 f5       	brne	.+76     	; 0x229a <HLCD_voidDisplayNumberUNSigned+0x6c>
	{
		HLCD_voidSendData('0');
    224e:	80 e3       	ldi	r24, 0x30	; 48
    2250:	0e 94 34 0f 	call	0x1e68	; 0x1e68 <HLCD_voidSendData>
    2254:	22 c0       	rjmp	.+68     	; 0x229a <HLCD_voidDisplayNumberUNSigned+0x6c>
	}
	while(A_u32Number != 0)
	{
		local_u32Number = ((local_u32Number*10)+(A_u32Number %10));
    2256:	89 81       	ldd	r24, Y+1	; 0x01
    2258:	9a 81       	ldd	r25, Y+2	; 0x02
    225a:	9c 01       	movw	r18, r24
    225c:	22 0f       	add	r18, r18
    225e:	33 1f       	adc	r19, r19
    2260:	c9 01       	movw	r24, r18
    2262:	88 0f       	add	r24, r24
    2264:	99 1f       	adc	r25, r25
    2266:	88 0f       	add	r24, r24
    2268:	99 1f       	adc	r25, r25
    226a:	f9 01       	movw	r30, r18
    226c:	e8 0f       	add	r30, r24
    226e:	f9 1f       	adc	r31, r25
    2270:	8b 81       	ldd	r24, Y+3	; 0x03
    2272:	9c 81       	ldd	r25, Y+4	; 0x04
    2274:	2a e0       	ldi	r18, 0x0A	; 10
    2276:	30 e0       	ldi	r19, 0x00	; 0
    2278:	b9 01       	movw	r22, r18
    227a:	0e 94 5e 12 	call	0x24bc	; 0x24bc <__udivmodhi4>
    227e:	8e 0f       	add	r24, r30
    2280:	9f 1f       	adc	r25, r31
    2282:	9a 83       	std	Y+2, r25	; 0x02
    2284:	89 83       	std	Y+1, r24	; 0x01
		A_u32Number/=10;
    2286:	8b 81       	ldd	r24, Y+3	; 0x03
    2288:	9c 81       	ldd	r25, Y+4	; 0x04
    228a:	2a e0       	ldi	r18, 0x0A	; 10
    228c:	30 e0       	ldi	r19, 0x00	; 0
    228e:	b9 01       	movw	r22, r18
    2290:	0e 94 5e 12 	call	0x24bc	; 0x24bc <__udivmodhi4>
    2294:	cb 01       	movw	r24, r22
    2296:	9c 83       	std	Y+4, r25	; 0x04
    2298:	8b 83       	std	Y+3, r24	; 0x03
	u32 local_u32Number=1;
	if(A_u32Number==0)
	{
		HLCD_voidSendData('0');
	}
	while(A_u32Number != 0)
    229a:	8b 81       	ldd	r24, Y+3	; 0x03
    229c:	9c 81       	ldd	r25, Y+4	; 0x04
    229e:	00 97       	sbiw	r24, 0x00	; 0
    22a0:	d1 f6       	brne	.-76     	; 0x2256 <HLCD_voidDisplayNumberUNSigned+0x28>
    22a2:	14 c0       	rjmp	.+40     	; 0x22cc <HLCD_voidDisplayNumberUNSigned+0x9e>
		local_u32Number = ((local_u32Number*10)+(A_u32Number %10));
		A_u32Number/=10;
	}
	while(local_u32Number != 1)
	{
		HLCD_voidSendData((local_u32Number%10)+48);
    22a4:	89 81       	ldd	r24, Y+1	; 0x01
    22a6:	9a 81       	ldd	r25, Y+2	; 0x02
    22a8:	2a e0       	ldi	r18, 0x0A	; 10
    22aa:	30 e0       	ldi	r19, 0x00	; 0
    22ac:	b9 01       	movw	r22, r18
    22ae:	0e 94 5e 12 	call	0x24bc	; 0x24bc <__udivmodhi4>
    22b2:	80 5d       	subi	r24, 0xD0	; 208
    22b4:	0e 94 34 0f 	call	0x1e68	; 0x1e68 <HLCD_voidSendData>
		local_u32Number/=10;
    22b8:	89 81       	ldd	r24, Y+1	; 0x01
    22ba:	9a 81       	ldd	r25, Y+2	; 0x02
    22bc:	2a e0       	ldi	r18, 0x0A	; 10
    22be:	30 e0       	ldi	r19, 0x00	; 0
    22c0:	b9 01       	movw	r22, r18
    22c2:	0e 94 5e 12 	call	0x24bc	; 0x24bc <__udivmodhi4>
    22c6:	cb 01       	movw	r24, r22
    22c8:	9a 83       	std	Y+2, r25	; 0x02
    22ca:	89 83       	std	Y+1, r24	; 0x01
	while(A_u32Number != 0)
	{
		local_u32Number = ((local_u32Number*10)+(A_u32Number %10));
		A_u32Number/=10;
	}
	while(local_u32Number != 1)
    22cc:	89 81       	ldd	r24, Y+1	; 0x01
    22ce:	9a 81       	ldd	r25, Y+2	; 0x02
    22d0:	81 30       	cpi	r24, 0x01	; 1
    22d2:	91 05       	cpc	r25, r1
    22d4:	39 f7       	brne	.-50     	; 0x22a4 <HLCD_voidDisplayNumberUNSigned+0x76>
	{
		HLCD_voidSendData((local_u32Number%10)+48);
		local_u32Number/=10;
	}
}
    22d6:	0f 90       	pop	r0
    22d8:	0f 90       	pop	r0
    22da:	0f 90       	pop	r0
    22dc:	0f 90       	pop	r0
    22de:	cf 91       	pop	r28
    22e0:	df 91       	pop	r29
    22e2:	08 95       	ret

000022e4 <HLCD_voidDisplayNumberSigned>:

 void HLCD_voidDisplayNumberSigned(s32 A_s32Number)
  {
    22e4:	df 93       	push	r29
    22e6:	cf 93       	push	r28
    22e8:	00 d0       	rcall	.+0      	; 0x22ea <HLCD_voidDisplayNumberSigned+0x6>
    22ea:	00 d0       	rcall	.+0      	; 0x22ec <HLCD_voidDisplayNumberSigned+0x8>
    22ec:	cd b7       	in	r28, 0x3d	; 61
    22ee:	de b7       	in	r29, 0x3e	; 62
    22f0:	9c 83       	std	Y+4, r25	; 0x04
    22f2:	8b 83       	std	Y+3, r24	; 0x03
   u32 local_u32Number=1;
    22f4:	81 e0       	ldi	r24, 0x01	; 1
    22f6:	90 e0       	ldi	r25, 0x00	; 0
    22f8:	9a 83       	std	Y+2, r25	; 0x02
    22fa:	89 83       	std	Y+1, r24	; 0x01
   if(A_s32Number==0)
    22fc:	8b 81       	ldd	r24, Y+3	; 0x03
    22fe:	9c 81       	ldd	r25, Y+4	; 0x04
    2300:	00 97       	sbiw	r24, 0x00	; 0
    2302:	19 f4       	brne	.+6      	; 0x230a <HLCD_voidDisplayNumberSigned+0x26>
   {
      HLCD_voidSendData('0');
    2304:	80 e3       	ldi	r24, 0x30	; 48
    2306:	0e 94 34 0f 	call	0x1e68	; 0x1e68 <HLCD_voidSendData>
   }
   if (A_s32Number<0)
    230a:	8b 81       	ldd	r24, Y+3	; 0x03
    230c:	9c 81       	ldd	r25, Y+4	; 0x04
    230e:	99 23       	and	r25, r25
    2310:	6c f5       	brge	.+90     	; 0x236c <HLCD_voidDisplayNumberSigned+0x88>
	{
		HLCD_voidSendData('-');
    2312:	8d e2       	ldi	r24, 0x2D	; 45
    2314:	0e 94 34 0f 	call	0x1e68	; 0x1e68 <HLCD_voidSendData>
		A_s32Number *= -1;
    2318:	8b 81       	ldd	r24, Y+3	; 0x03
    231a:	9c 81       	ldd	r25, Y+4	; 0x04
    231c:	90 95       	com	r25
    231e:	81 95       	neg	r24
    2320:	9f 4f       	sbci	r25, 0xFF	; 255
    2322:	9c 83       	std	Y+4, r25	; 0x04
    2324:	8b 83       	std	Y+3, r24	; 0x03
    2326:	22 c0       	rjmp	.+68     	; 0x236c <HLCD_voidDisplayNumberSigned+0x88>
	}

	while (A_s32Number != 0)
	{
		local_u32Number = ((local_u32Number*10)+ (A_s32Number%10));
    2328:	89 81       	ldd	r24, Y+1	; 0x01
    232a:	9a 81       	ldd	r25, Y+2	; 0x02
    232c:	9c 01       	movw	r18, r24
    232e:	22 0f       	add	r18, r18
    2330:	33 1f       	adc	r19, r19
    2332:	c9 01       	movw	r24, r18
    2334:	88 0f       	add	r24, r24
    2336:	99 1f       	adc	r25, r25
    2338:	88 0f       	add	r24, r24
    233a:	99 1f       	adc	r25, r25
    233c:	f9 01       	movw	r30, r18
    233e:	e8 0f       	add	r30, r24
    2340:	f9 1f       	adc	r31, r25
    2342:	8b 81       	ldd	r24, Y+3	; 0x03
    2344:	9c 81       	ldd	r25, Y+4	; 0x04
    2346:	2a e0       	ldi	r18, 0x0A	; 10
    2348:	30 e0       	ldi	r19, 0x00	; 0
    234a:	b9 01       	movw	r22, r18
    234c:	0e 94 72 12 	call	0x24e4	; 0x24e4 <__divmodhi4>
    2350:	8e 0f       	add	r24, r30
    2352:	9f 1f       	adc	r25, r31
    2354:	9a 83       	std	Y+2, r25	; 0x02
    2356:	89 83       	std	Y+1, r24	; 0x01
		A_s32Number /= 10;
    2358:	8b 81       	ldd	r24, Y+3	; 0x03
    235a:	9c 81       	ldd	r25, Y+4	; 0x04
    235c:	2a e0       	ldi	r18, 0x0A	; 10
    235e:	30 e0       	ldi	r19, 0x00	; 0
    2360:	b9 01       	movw	r22, r18
    2362:	0e 94 72 12 	call	0x24e4	; 0x24e4 <__divmodhi4>
    2366:	cb 01       	movw	r24, r22
    2368:	9c 83       	std	Y+4, r25	; 0x04
    236a:	8b 83       	std	Y+3, r24	; 0x03
	{
		HLCD_voidSendData('-');
		A_s32Number *= -1;
	}

	while (A_s32Number != 0)
    236c:	8b 81       	ldd	r24, Y+3	; 0x03
    236e:	9c 81       	ldd	r25, Y+4	; 0x04
    2370:	00 97       	sbiw	r24, 0x00	; 0
    2372:	d1 f6       	brne	.-76     	; 0x2328 <HLCD_voidDisplayNumberSigned+0x44>
    2374:	14 c0       	rjmp	.+40     	; 0x239e <HLCD_voidDisplayNumberSigned+0xba>
		local_u32Number = ((local_u32Number*10)+ (A_s32Number%10));
		A_s32Number /= 10;
	}
	while (local_u32Number!= 1)
	{
		HLCD_voidSendData((local_u32Number%10)+48);
    2376:	89 81       	ldd	r24, Y+1	; 0x01
    2378:	9a 81       	ldd	r25, Y+2	; 0x02
    237a:	2a e0       	ldi	r18, 0x0A	; 10
    237c:	30 e0       	ldi	r19, 0x00	; 0
    237e:	b9 01       	movw	r22, r18
    2380:	0e 94 5e 12 	call	0x24bc	; 0x24bc <__udivmodhi4>
    2384:	80 5d       	subi	r24, 0xD0	; 208
    2386:	0e 94 34 0f 	call	0x1e68	; 0x1e68 <HLCD_voidSendData>
		local_u32Number /= 10;
    238a:	89 81       	ldd	r24, Y+1	; 0x01
    238c:	9a 81       	ldd	r25, Y+2	; 0x02
    238e:	2a e0       	ldi	r18, 0x0A	; 10
    2390:	30 e0       	ldi	r19, 0x00	; 0
    2392:	b9 01       	movw	r22, r18
    2394:	0e 94 5e 12 	call	0x24bc	; 0x24bc <__udivmodhi4>
    2398:	cb 01       	movw	r24, r22
    239a:	9a 83       	std	Y+2, r25	; 0x02
    239c:	89 83       	std	Y+1, r24	; 0x01
	while (A_s32Number != 0)
	{
		local_u32Number = ((local_u32Number*10)+ (A_s32Number%10));
		A_s32Number /= 10;
	}
	while (local_u32Number!= 1)
    239e:	89 81       	ldd	r24, Y+1	; 0x01
    23a0:	9a 81       	ldd	r25, Y+2	; 0x02
    23a2:	81 30       	cpi	r24, 0x01	; 1
    23a4:	91 05       	cpc	r25, r1
    23a6:	39 f7       	brne	.-50     	; 0x2376 <HLCD_voidDisplayNumberSigned+0x92>
	{
		HLCD_voidSendData((local_u32Number%10)+48);
		local_u32Number /= 10;
	}
  }
    23a8:	0f 90       	pop	r0
    23aa:	0f 90       	pop	r0
    23ac:	0f 90       	pop	r0
    23ae:	0f 90       	pop	r0
    23b0:	cf 91       	pop	r28
    23b2:	df 91       	pop	r29
    23b4:	08 95       	ret

000023b6 <HLCD_voidSendSpecialCharacter>:

void HLCD_voidSendSpecialCharacter(u8 *A_pu8PatternArr, u8 A_u8PatternNumber,LCD_ROWS A_LcdRowNo,LCD_COLS A_LcdColNo)
{
    23b6:	df 93       	push	r29
    23b8:	cf 93       	push	r28
    23ba:	cd b7       	in	r28, 0x3d	; 61
    23bc:	de b7       	in	r29, 0x3e	; 62
    23be:	27 97       	sbiw	r28, 0x07	; 7
    23c0:	0f b6       	in	r0, 0x3f	; 63
    23c2:	f8 94       	cli
    23c4:	de bf       	out	0x3e, r29	; 62
    23c6:	0f be       	out	0x3f, r0	; 63
    23c8:	cd bf       	out	0x3d, r28	; 61
    23ca:	9c 83       	std	Y+4, r25	; 0x04
    23cc:	8b 83       	std	Y+3, r24	; 0x03
    23ce:	6d 83       	std	Y+5, r22	; 0x05
    23d0:	4e 83       	std	Y+6, r20	; 0x06
    23d2:	2f 83       	std	Y+7, r18	; 0x07
	u8 local_u8CGRamAdderss;
	//calculate CGRam Address = Pattern No.*8
	local_u8CGRamAdderss = A_u8PatternNumber * 8;
    23d4:	8d 81       	ldd	r24, Y+5	; 0x05
    23d6:	88 2f       	mov	r24, r24
    23d8:	90 e0       	ldi	r25, 0x00	; 0
    23da:	88 0f       	add	r24, r24
    23dc:	99 1f       	adc	r25, r25
    23de:	88 0f       	add	r24, r24
    23e0:	99 1f       	adc	r25, r25
    23e2:	88 0f       	add	r24, r24
    23e4:	99 1f       	adc	r25, r25
    23e6:	8a 83       	std	Y+2, r24	; 0x02
	// data sheet say that the pin six is must be high
	SET_BIT(local_u8CGRamAdderss,6);
    23e8:	8a 81       	ldd	r24, Y+2	; 0x02
    23ea:	80 64       	ori	r24, 0x40	; 64
    23ec:	8a 83       	std	Y+2, r24	; 0x02
	//Send CGRam Write Command
	HLCD_voidSendCommand(local_u8CGRamAdderss);
    23ee:	8a 81       	ldd	r24, Y+2	; 0x02
    23f0:	0e 94 96 0e 	call	0x1d2c	; 0x1d2c <HLCD_voidSendCommand>

	for(u8 i=0; i<8;i++)
    23f4:	19 82       	std	Y+1, r1	; 0x01
    23f6:	0e c0       	rjmp	.+28     	; 0x2414 <HLCD_voidSendSpecialCharacter+0x5e>
	{
		HLCD_voidSendData(A_pu8PatternArr[i]);
    23f8:	89 81       	ldd	r24, Y+1	; 0x01
    23fa:	28 2f       	mov	r18, r24
    23fc:	30 e0       	ldi	r19, 0x00	; 0
    23fe:	8b 81       	ldd	r24, Y+3	; 0x03
    2400:	9c 81       	ldd	r25, Y+4	; 0x04
    2402:	fc 01       	movw	r30, r24
    2404:	e2 0f       	add	r30, r18
    2406:	f3 1f       	adc	r31, r19
    2408:	80 81       	ld	r24, Z
    240a:	0e 94 34 0f 	call	0x1e68	; 0x1e68 <HLCD_voidSendData>
	// data sheet say that the pin six is must be high
	SET_BIT(local_u8CGRamAdderss,6);
	//Send CGRam Write Command
	HLCD_voidSendCommand(local_u8CGRamAdderss);

	for(u8 i=0; i<8;i++)
    240e:	89 81       	ldd	r24, Y+1	; 0x01
    2410:	8f 5f       	subi	r24, 0xFF	; 255
    2412:	89 83       	std	Y+1, r24	; 0x01
    2414:	89 81       	ldd	r24, Y+1	; 0x01
    2416:	88 30       	cpi	r24, 0x08	; 8
    2418:	78 f3       	brcs	.-34     	; 0x23f8 <HLCD_voidSendSpecialCharacter+0x42>
	{
		HLCD_voidSendData(A_pu8PatternArr[i]);
	}
	//send go to position Command to the DDRam
	HLCD_voidGoToPos(A_LcdRowNo,A_LcdColNo);
    241a:	8e 81       	ldd	r24, Y+6	; 0x06
    241c:	6f 81       	ldd	r22, Y+7	; 0x07
    241e:	0e 94 77 10 	call	0x20ee	; 0x20ee <HLCD_voidGoToPos>
	//display pattern
	HLCD_voidSendData(A_u8PatternNumber);
    2422:	8d 81       	ldd	r24, Y+5	; 0x05
    2424:	0e 94 34 0f 	call	0x1e68	; 0x1e68 <HLCD_voidSendData>
}
    2428:	27 96       	adiw	r28, 0x07	; 7
    242a:	0f b6       	in	r0, 0x3f	; 63
    242c:	f8 94       	cli
    242e:	de bf       	out	0x3e, r29	; 62
    2430:	0f be       	out	0x3f, r0	; 63
    2432:	cd bf       	out	0x3d, r28	; 61
    2434:	cf 91       	pop	r28
    2436:	df 91       	pop	r29
    2438:	08 95       	ret

0000243a <App_ToggleLED>:


volatile u8 Global_u8LedState = DIO_LOW;

void App_ToggleLED(void)
{
    243a:	df 93       	push	r29
    243c:	cf 93       	push	r28
    243e:	cd b7       	in	r28, 0x3d	; 61
    2440:	de b7       	in	r29, 0x3e	; 62
    if (Global_u8LedState == DIO_LOW)
    2442:	80 91 86 00 	lds	r24, 0x0086
    2446:	88 23       	and	r24, r24
    2448:	49 f4       	brne	.+18     	; 0x245c <App_ToggleLED+0x22>
    {
        MDIO_voidSetPinValue(PORTA, PIN0, DIO_HIGH);
    244a:	80 e0       	ldi	r24, 0x00	; 0
    244c:	60 e0       	ldi	r22, 0x00	; 0
    244e:	41 e0       	ldi	r20, 0x01	; 1
    2450:	0e 94 ec 06 	call	0xdd8	; 0xdd8 <MDIO_voidSetPinValue>
        Global_u8LedState = DIO_HIGH;
    2454:	81 e0       	ldi	r24, 0x01	; 1
    2456:	80 93 86 00 	sts	0x0086, r24
    245a:	07 c0       	rjmp	.+14     	; 0x246a <App_ToggleLED+0x30>
    }
    else
    {
        MDIO_voidSetPinValue(PORTA, PIN0, DIO_LOW);
    245c:	80 e0       	ldi	r24, 0x00	; 0
    245e:	60 e0       	ldi	r22, 0x00	; 0
    2460:	40 e0       	ldi	r20, 0x00	; 0
    2462:	0e 94 ec 06 	call	0xdd8	; 0xdd8 <MDIO_voidSetPinValue>
        Global_u8LedState = DIO_LOW;
    2466:	10 92 86 00 	sts	0x0086, r1
    }
}
    246a:	cf 91       	pop	r28
    246c:	df 91       	pop	r29
    246e:	08 95       	ret

00002470 <main>:

int main(void)
{
    2470:	df 93       	push	r29
    2472:	cf 93       	push	r28
    2474:	cd b7       	in	r28, 0x3d	; 61
    2476:	de b7       	in	r29, 0x3e	; 62
    MDIO_voidSetPinDirection(PORTA, PIN0, DIO_OUTPUT);
    2478:	80 e0       	ldi	r24, 0x00	; 0
    247a:	60 e0       	ldi	r22, 0x00	; 0
    247c:	41 e0       	ldi	r20, 0x01	; 1
    247e:	0e 94 ca 05 	call	0xb94	; 0xb94 <MDIO_voidSetPinDirection>
    MDIO_voidSetPinDirection(PORTD, PIN2, DIO_INPUT);
    2482:	83 e0       	ldi	r24, 0x03	; 3
    2484:	62 e0       	ldi	r22, 0x02	; 2
    2486:	40 e0       	ldi	r20, 0x00	; 0
    2488:	0e 94 ca 05 	call	0xb94	; 0xb94 <MDIO_voidSetPinDirection>
    MDIO_voidSetPinValue(PORTD, PIN2, DIO_HIGH);
    248c:	83 e0       	ldi	r24, 0x03	; 3
    248e:	62 e0       	ldi	r22, 0x02	; 2
    2490:	41 e0       	ldi	r20, 0x01	; 1
    2492:	0e 94 ec 06 	call	0xdd8	; 0xdd8 <MDIO_voidSetPinValue>

    MEXTI_voidConfig(EXTI0, FALLING);
    2496:	80 e0       	ldi	r24, 0x00	; 0
    2498:	62 e0       	ldi	r22, 0x02	; 2
    249a:	0e 94 9d 09 	call	0x133a	; 0x133a <MEXTI_voidConfig>
    MEXTI_voidSetCallBack(EXTI0, App_ToggleLED);
    249e:	2d e1       	ldi	r18, 0x1D	; 29
    24a0:	32 e1       	ldi	r19, 0x12	; 18
    24a2:	80 e0       	ldi	r24, 0x00	; 0
    24a4:	b9 01       	movw	r22, r18
    24a6:	0e 94 be 0a 	call	0x157c	; 0x157c <MEXTI_voidSetCallBack>
    MEXTI_voidClearFlag(EXTI0);
    24aa:	80 e0       	ldi	r24, 0x00	; 0
    24ac:	0e 94 4a 0a 	call	0x1494	; 0x1494 <MEXTI_voidClearFlag>
    MEXTI_voidEnable(EXTI0);
    24b0:	80 e0       	ldi	r24, 0x00	; 0
    24b2:	0e 94 10 0a 	call	0x1420	; 0x1420 <MEXTI_voidEnable>

    MGI_voidEnable();
    24b6:	0e 94 97 0b 	call	0x172e	; 0x172e <MGI_voidEnable>
    24ba:	ff cf       	rjmp	.-2      	; 0x24ba <main+0x4a>

000024bc <__udivmodhi4>:
    24bc:	aa 1b       	sub	r26, r26
    24be:	bb 1b       	sub	r27, r27
    24c0:	51 e1       	ldi	r21, 0x11	; 17
    24c2:	07 c0       	rjmp	.+14     	; 0x24d2 <__udivmodhi4_ep>

000024c4 <__udivmodhi4_loop>:
    24c4:	aa 1f       	adc	r26, r26
    24c6:	bb 1f       	adc	r27, r27
    24c8:	a6 17       	cp	r26, r22
    24ca:	b7 07       	cpc	r27, r23
    24cc:	10 f0       	brcs	.+4      	; 0x24d2 <__udivmodhi4_ep>
    24ce:	a6 1b       	sub	r26, r22
    24d0:	b7 0b       	sbc	r27, r23

000024d2 <__udivmodhi4_ep>:
    24d2:	88 1f       	adc	r24, r24
    24d4:	99 1f       	adc	r25, r25
    24d6:	5a 95       	dec	r21
    24d8:	a9 f7       	brne	.-22     	; 0x24c4 <__udivmodhi4_loop>
    24da:	80 95       	com	r24
    24dc:	90 95       	com	r25
    24de:	bc 01       	movw	r22, r24
    24e0:	cd 01       	movw	r24, r26
    24e2:	08 95       	ret

000024e4 <__divmodhi4>:
    24e4:	97 fb       	bst	r25, 7
    24e6:	09 2e       	mov	r0, r25
    24e8:	07 26       	eor	r0, r23
    24ea:	0a d0       	rcall	.+20     	; 0x2500 <__divmodhi4_neg1>
    24ec:	77 fd       	sbrc	r23, 7
    24ee:	04 d0       	rcall	.+8      	; 0x24f8 <__divmodhi4_neg2>
    24f0:	e5 df       	rcall	.-54     	; 0x24bc <__udivmodhi4>
    24f2:	06 d0       	rcall	.+12     	; 0x2500 <__divmodhi4_neg1>
    24f4:	00 20       	and	r0, r0
    24f6:	1a f4       	brpl	.+6      	; 0x24fe <__divmodhi4_exit>

000024f8 <__divmodhi4_neg2>:
    24f8:	70 95       	com	r23
    24fa:	61 95       	neg	r22
    24fc:	7f 4f       	sbci	r23, 0xFF	; 255

000024fe <__divmodhi4_exit>:
    24fe:	08 95       	ret

00002500 <__divmodhi4_neg1>:
    2500:	f6 f7       	brtc	.-4      	; 0x24fe <__divmodhi4_exit>
    2502:	90 95       	com	r25
    2504:	81 95       	neg	r24
    2506:	9f 4f       	sbci	r25, 0xFF	; 255
    2508:	08 95       	ret

0000250a <__prologue_saves__>:
    250a:	2f 92       	push	r2
    250c:	3f 92       	push	r3
    250e:	4f 92       	push	r4
    2510:	5f 92       	push	r5
    2512:	6f 92       	push	r6
    2514:	7f 92       	push	r7
    2516:	8f 92       	push	r8
    2518:	9f 92       	push	r9
    251a:	af 92       	push	r10
    251c:	bf 92       	push	r11
    251e:	cf 92       	push	r12
    2520:	df 92       	push	r13
    2522:	ef 92       	push	r14
    2524:	ff 92       	push	r15
    2526:	0f 93       	push	r16
    2528:	1f 93       	push	r17
    252a:	cf 93       	push	r28
    252c:	df 93       	push	r29
    252e:	cd b7       	in	r28, 0x3d	; 61
    2530:	de b7       	in	r29, 0x3e	; 62
    2532:	ca 1b       	sub	r28, r26
    2534:	db 0b       	sbc	r29, r27
    2536:	0f b6       	in	r0, 0x3f	; 63
    2538:	f8 94       	cli
    253a:	de bf       	out	0x3e, r29	; 62
    253c:	0f be       	out	0x3f, r0	; 63
    253e:	cd bf       	out	0x3d, r28	; 61
    2540:	09 94       	ijmp

00002542 <__epilogue_restores__>:
    2542:	2a 88       	ldd	r2, Y+18	; 0x12
    2544:	39 88       	ldd	r3, Y+17	; 0x11
    2546:	48 88       	ldd	r4, Y+16	; 0x10
    2548:	5f 84       	ldd	r5, Y+15	; 0x0f
    254a:	6e 84       	ldd	r6, Y+14	; 0x0e
    254c:	7d 84       	ldd	r7, Y+13	; 0x0d
    254e:	8c 84       	ldd	r8, Y+12	; 0x0c
    2550:	9b 84       	ldd	r9, Y+11	; 0x0b
    2552:	aa 84       	ldd	r10, Y+10	; 0x0a
    2554:	b9 84       	ldd	r11, Y+9	; 0x09
    2556:	c8 84       	ldd	r12, Y+8	; 0x08
    2558:	df 80       	ldd	r13, Y+7	; 0x07
    255a:	ee 80       	ldd	r14, Y+6	; 0x06
    255c:	fd 80       	ldd	r15, Y+5	; 0x05
    255e:	0c 81       	ldd	r16, Y+4	; 0x04
    2560:	1b 81       	ldd	r17, Y+3	; 0x03
    2562:	aa 81       	ldd	r26, Y+2	; 0x02
    2564:	b9 81       	ldd	r27, Y+1	; 0x01
    2566:	ce 0f       	add	r28, r30
    2568:	d1 1d       	adc	r29, r1
    256a:	0f b6       	in	r0, 0x3f	; 63
    256c:	f8 94       	cli
    256e:	de bf       	out	0x3e, r29	; 62
    2570:	0f be       	out	0x3f, r0	; 63
    2572:	cd bf       	out	0x3d, r28	; 61
    2574:	ed 01       	movw	r28, r26
    2576:	08 95       	ret

00002578 <_exit>:
    2578:	f8 94       	cli

0000257a <__stop_program>:
    257a:	ff cf       	rjmp	.-2      	; 0x257a <__stop_program>
